price,cpu,ram,ssd,graphic_ram,screen_size,stock_status,hdd,company,links
42989000,M1,8.0,256,0,13.0,new,0,apple,https://torob.com/p/a21d004e-e716-4ec8-adb7-d0e09c06d291/%D9%85%DA%A9-%D8%A8%D9%88%DA%A9-%D8%A7%DB%8C%D8%B1-8gb-ram-256gb-ssd-m1-mgn63/
96850000,M2,16.0,512,0,14.0,new,0,apple,https://torob.com/p/828fa09c-eaf5-4afe-84b8-6db1ffdf2dc2/%D9%85%DA%A9-%D8%A8%D9%88%DA%A9-%D9%BE%D8%B1%D9%88-14-%D8%A7%DB%8C%D9%86%DA%86-m2-%D9%BE%D8%B1%D9%88-2023-%D9%85%D8%AF%D9%84-mphe3ll-512gb/
59390000,M2,8.0,256,0,13.3,new,0,apple,https://torob.com/p/a5aacca8-e0cc-40a6-8572-984a174ef72c/%D9%84%D9%BE-%D8%AA%D8%A7%D9%BE-%D8%A7%D9%BE%D9%84-133-%D8%A7%DB%8C%D9%86%DA%86%DB%8C-%D9%85%D8%AF%D9%84-apple-macbook-pro-2022-mneh3-%D9%BE%D8%B1%D8%AF%D8%A7%D8%B2%D9%86%D8%AF%D9%87-m2-%D8%B1%D9%85-8gb-%D8%AD%D8%A7%D9%81%D8%B8%D9%87-256gb-ssd/
56590000,M2,8.0,256,0,13.6,new,0,apple,https://torob.com/p/933083cb-39b1-405f-a0fa-c300d22ca934/%D9%84%D9%BE-%D8%AA%D8%A7%D9%BE-%D8%A7%D9%BE%D9%84-136-%D8%A7%DB%8C%D9%86%DA%86%DB%8C-%D9%85%D8%AF%D9%84-apple-macbook-air-2022-midnight-mly33-%D9%BE%D8%B1%D8%AF%D8%A7%D8%B2%D9%86%D8%AF%D9%87-m2-%D8%B1%D9%85-8gb-%D8%AD%D8%A7%D9%81%D8%B8%D9%87-256gb-ssd/
87000000,M1,16.0,512,0,14.0,new,0,apple,https://torob.com/p/67025998-d60a-40be-98e6-bf547e11ce35/%D9%85%DA%A9-%D8%A8%D9%88%DA%A9-%D9%BE%D8%B1%D9%88-mkgp3-16gb-ram-512gb-ssd/
56300000,M2,8.0,256,0,13.6,new,0,apple,https://torob.com/p/ee853774-4671-448c-a14e-a50f7de40b60/%D9%84%D9%BE-%D8%AA%D8%A7%D9%BE-%D9%85%DA%A9-%D8%A8%D9%88%DA%A9-%D8%A7%DB%8C%D8%B1-mly13-8gb-ram-256gb-ssd-m2/
103520000,M2,16.0,512,0,16.0,new,0,apple,https://torob.com/p/c7fa42f6-454c-4512-b45a-9496ae12cd06/%D9%84%D9%BE-%D8%AA%D8%A7%D9%BE-%D8%A7%D9%BE%D9%84-16-%D8%A7%DB%8C%D9%86%DA%86-%D9%85%D8%AF%D9%84-2023-macbook-pro-m2-pro-mnw83/
92000000,M1,16.0,512,0,16.0,new,0,apple,https://torob.com/p/824e92cd-77b8-4fc4-9257-dd87134e1f01/%D9%84%D9%BE-%D8%AA%D8%A7%D9%BE-%D8%A7%D9%BE%D9%84-16-%D8%A7%DB%8C%D9%86%DA%86-%D9%85%D8%AF%D9%84-mac-book-pro-16inch-mk183-%D9%BE%D8%B1%D8%AF%D8%A7%D8%B2%D9%86%D8%AF%D9%87-m1-pro-%D8%B1%D9%85-16gb-%D8%AD%D8%A7%D9%81%D8%B8%D9%87-512gb-ssd/
57299000,M2,8.0,256,0,13.3,new,0,apple,https://torob.com/p/698b7d1c-d3cd-4c40-af00-225e4a4b1a80/%D9%84%D9%BE-%D8%AA%D8%A7%D9%BE-%D8%A7%D9%BE%D9%84-133-%D8%A7%DB%8C%D9%86%DA%86%DB%8C-%D9%85%D8%AF%D9%84-apple-macbook-pro-2022-mnep3-%D9%BE%D8%B1%D8%AF%D8%A7%D8%B2%D9%86%D8%AF%D9%87-m2-%D8%B1%D9%85-8gb-%D8%AD%D8%A7%D9%81%D8%B8%D9%87-256gb-ssd/
70495000,M2,8.0,512,0,13.3,new,0,apple,https://torob.com/p/5339d1f6-9f10-491e-a6e7-0c2d8be92410/%D9%84%D9%BE-%D8%AA%D8%A7%D9%BE-%D8%A7%D9%BE%D9%84-133-%D8%A7%DB%8C%D9%86%DA%86%DB%8C-%D9%85%D8%AF%D9%84-apple-macbook-pro-2022-mnej3-%D9%BE%D8%B1%D8%AF%D8%A7%D8%B2%D9%86%D8%AF%D9%87-m2-%D8%B1%D9%85-8gb-%D8%AD%D8%A7%D9%81%D8%B8%D9%87-512gb-ssd/
55290000,M2,8.0,256,0,13.6,new,0,apple,https://torob.com/p/9791dfaf-be80-4833-86cd-8891540b28c9/%D9%84%D9%BE-%D8%AA%D8%A7%D9%BE-136-%D8%A7%DB%8C%D9%86%DA%86-%D8%A7%D9%BE%D9%84-%D9%85%D8%AF%D9%84-macbook-air-mlxw3-m2-2022-lla/
43000000,M1,8.0,256,0,13.0,new,0,apple,https://torob.com/p/cf904f55-2ad6-4d95-9590-728651cdf7df/%D9%85%DA%A9-%D8%A8%D9%88%DA%A9-%D8%A7%DB%8C%D8%B1-8gb-ram-256gb-ssd-m1-mgnd3/
57630000,M1,8.0,256,0,13.0,new,0,apple,https://torob.com/p/29c10903-7d46-401e-afdd-81a54d0d77bc/%D9%85%DA%A9-%D8%A8%D9%88%DA%A9-%D9%BE%D8%B1%D9%88-8gb-ram-256gb-ssd-m1-myd82/
100000000,M1,16.0,1000,0,16.0,new,0,apple,https://torob.com/p/19247275-0f7d-4bc7-9889-3f0af298e6c6/%D9%84%D9%BE-%D8%AA%D8%A7%D9%BE-%D8%A7%D9%BE%D9%84-mk193-16gb-ram-1tb-ssd-m1-pro/
69800000,M2,8.0,512,0,13.6,new,0,apple,https://torob.com/p/4bcce05f-90da-41a3-a42d-8e1d4372dd00/%D9%84%D9%BE-%D8%AA%D8%A7%D9%BE-%D8%A7%D9%BE%D9%84-136-%D8%A7%DB%8C%D9%86%DA%86%DB%8C-%D9%85%D8%AF%D9%84-apple-macbook-air-2022-midnight-mly43-%D9%BE%D8%B1%D8%AF%D8%A7%D8%B2%D9%86%D8%AF%D9%87-m2-%D8%B1%D9%85-8gb-%D8%AD%D8%A7%D9%81%D8%B8%D9%87-512gb-ssd-%DA%AF%D8%B1%D8%A7%D9%81%DB%8C%DA%A9-10core-gpu/
123500000,M2,16.0,1000,0,16.0,new,0,apple,https://torob.com/p/f3259ca9-b8e5-432e-b5fb-45a3ff123b59/%D9%85%DA%A9-%D8%A8%D9%88%DA%A9-%D9%BE%D8%B1%D9%88-16-%D8%A7%DB%8C%D9%86%DA%86-m2-pro-%D9%85%D8%AF%D9%84-mnw93-%D8%B3%D8%A7%D9%84-2023-m2-pro-16gb-1t-%D8%B1%D9%86%DA%AF-gray/
115699000,M2,16.0,1000,0,14.0,new,0,apple,https://torob.com/p/0f54bcd2-f98b-4c80-95f5-ff7681daa609/%D9%84%D9%BE-%D8%AA%D8%A7%D9%BE-%D8%A7%D9%BE%D9%84-14-%D8%A7%DB%8C%D9%86%DA%86-%D9%85%D8%AF%D9%84-2023-macbook-pro-m2-pro-mphf3/
25900000,Core i5,8.0,512,0,13.0,new,0,apple,https://torob.com/p/f3f4d582-20ce-406e-8d18-ec0b4491aaef/%D9%84%D9%BE-%D8%AA%D8%A7%D9%BE-%D8%A7%D9%BE%D9%84-%D9%85%D8%AF%D9%84-macbook-pro-2017/
43599000,M1,8.0,256,0,13.0,new,0,apple,https://torob.com/p/474cc06d-670d-44c7-b936-0034ab13dea6/%D9%84%D9%BE-%D8%AA%D8%A7%D9%BE-%D8%A7%D9%BE%D9%84-mgn93-8gb-ram-256gb-ssd-m1/
265000000,M2,96.0,0,0,16.0,new,0,apple,https://torob.com/p/b5cf0a6d-c383-4077-8037-64acaa5d57fc/%D9%85%DA%A9-%D8%A8%D9%88%DA%A9-%D9%BE%D8%B1%D9%88-16-%D8%A7%DB%8C%D9%86%DA%86-m2-max-%D8%B8%D8%B1%D9%81%DB%8C%D8%AA-96-1tb-%DA%AF%DB%8C%DA%AF-12-38-%D9%87%D8%B3%D8%AA%D9%87-2023-cto/
20000000,Core i7,0.0,0,0,13.0,stock,0,apple,https://torob.com/p/b2c26f62-e37b-4962-ab2c-3cc775fa75dd/%D9%85%DA%A9-%D8%A8%D9%88%DA%A9-%D8%A7%DB%8C%D8%B1-2017-i5-5th-gen-8g-120ssd-macbook-air-%D8%A7%D8%B3%D8%AA%D9%88%DA%A9/
100000,M2,8.0,512,0,13.3,new,0,apple,https://torob.com/p/37ac8348-99e9-4ab4-97b9-c97e3d1530f1/%D9%84%D9%BE-%D8%AA%D8%A7%D9%BE-%D8%A7%D9%BE%D9%84-133-%D8%A7%DB%8C%D9%86%DA%86%DB%8C-%D9%85%D8%AF%D9%84-apple-macbook-pro-2022-mneq3-%D9%BE%D8%B1%D8%AF%D8%A7%D8%B2%D9%86%D8%AF%D9%87-m2-%D8%B1%D9%85-8gb-%D8%AD%D8%A7%D9%81%D8%B8%D9%87-512gb-ssd/
94000000,M1,16.0,1000,0,14.0,new,0,apple,https://torob.com/p/d77d02bc-1692-4787-ac09-fc568042e8af/%D9%84%D9%BE-%D8%AA%D8%A7%D9%BE-%D8%A7%D9%BE%D9%84-mkgq3-16gb-ram-1tb-ssd-m1-pro/
69900000,M2,8.0,512,0,13.6,new,0,apple,https://torob.com/p/0241df37-f27c-4a22-9950-8067033ae48b/%D9%84%D9%BE-%D8%AA%D8%A7%D9%BE-%D8%A7%D9%BE%D9%84-136-%D8%A7%DB%8C%D9%86%DA%86%DB%8C-%D9%85%D8%AF%D9%84-apple-macbook-air-2022-space-gray-mlxx3-%D9%BE%D8%B1%D8%AF%D8%A7%D8%B2%D9%86%D8%AF%D9%87-m2-%D8%B1%D9%85-8gb-%D8%AD%D8%A7%D9%81%D8%B8%D9%87-512gb-ssd-%DA%AF%D8%B1%D8%A7%D9%81%DB%8C%DA%A9-10core-gpu/
69900000,M2,8.0,512,0,13.6,new,0,apple,https://torob.com/p/8db4843d-890e-49e7-835d-9952f321f80a/%D9%84%D9%BE-%D8%AA%D8%A7%D9%BE-%D8%A7%D9%BE%D9%84-136-%D8%A7%DB%8C%D9%86%DA%86%DB%8C-%D9%85%D8%AF%D9%84-apple-macbook-air-2022-starlight-mly23-%D9%BE%D8%B1%D8%AF%D8%A7%D8%B2%D9%86%D8%AF%D9%87-m2-%D8%B1%D9%85-8gb-%D8%AD%D8%A7%D9%81%D8%B8%D9%87-512gb-ssd-%DA%AF%D8%B1%D8%A7%D9%81%DB%8C%DA%A9-10core-gpu/
90500000,M1,16.0,512,0,14.0,new,0,apple,https://torob.com/p/c7cb7ee6-b2b3-4c6c-8468-2fcc77904d6c/%D9%84%D9%BE-%D8%AA%D8%A7%D9%BE-%D8%A7%D9%BE%D9%84-mkgr3-16gb-ram-512gb-ssd-m1-pro/
65400000,M1,8.0,512,0,13.0,new,0,apple,https://torob.com/p/69aa8e90-741a-42e9-83e7-f3908ea7afd5/%D9%84%D9%BE-%D8%AA%D8%A7%D9%BE-%D8%A7%D9%BE%D9%84-8gb-ram-512gb-ssd-m1-myd92/
96700000,M2,16.0,1000,0,13.6,new,0,apple,https://torob.com/p/6eb96c5a-3491-4c79-b831-91dfd6e6baac/%D9%85%DA%A9-%D8%A8%D9%88%DA%A9-%D8%A7%DB%8C%D8%B1-m2-%D8%B3%D9%81%D8%A7%D8%B1%D8%B4%DB%8C-%D8%A7%D8%B3%D9%BE%DB%8C%D8%B3-%DA%AF%D8%B1%DB%8C-%D8%AD%D8%A7%D9%81%D8%B8%D9%87-%DB%8C%DA%A9-%D8%AA%D8%B1%D8%A7%D8%A8%D8%A7%DB%8C%D8%AA-%D9%88-16-%DA%AF%DB%8C%DA%AF-%D8%B1%D9%85/
69000000,Core i7,0.0,512,4000,16.0,stock,0,apple,https://torob.com/p/dbf290b3-c103-4907-a1aa-dbcf9af0ae5e/%D9%84%D9%BE-%D8%AA%D8%A7%D9%BE-16-%D8%A7%DB%8C%D9%86%DA%86%DB%8C-%D8%A7%D9%BE%D9%84-%D9%85%D8%AF%D9%84-macbook-pro-a2141/
168200000,M2,32.0,1000,0,16.0,new,0,apple,https://torob.com/p/bfe9e128-6588-4d17-bca2-721e728975c6/macbook-pro-162-inch-space-gray-mnwa3/
58997000,M2,8.0,256,0,13.6,new,0,apple,https://torob.com/p/cb20805d-94ee-4a0b-9113-f6a29b380a0a/%D9%84%D9%BE-%D8%AA%D8%A7%D9%BE-%D8%A7%D9%BE%D9%84-136-%D8%A7%DB%8C%D9%86%DA%86%DB%8C-%D9%85%D8%AF%D9%84-apple-macbook-air-2022-silver-mlxy3-%D9%BE%D8%B1%D8%AF%D8%A7%D8%B2%D9%86%D8%AF%D9%87-m2-%D8%B1%D9%85-8gb-%D8%AD%D8%A7%D9%81%D8%B8%D9%87-256gb-ssd/
33990000,Core i5,8.0,128,0,15.6,stock,0,apple,https://torob.com/p/8586041f-762e-43a3-9d18-f76d56e6cc5e/%D9%84%D9%BE-%D8%AA%D8%A7%D9%BE-%D8%A7%D8%B3%D8%AA%D9%88%DA%A9-macbook-pro-2017-i7-7700hq-16g-ddr4-512g-ssd-2g-radeon-555x-retina/
59980000,Core i9,16.0,1000,4000,16.0,new,0,apple,https://torob.com/p/32652ad1-9d5e-4f27-8da5-6e6b0b79c3e0/%D9%85%DA%A9-%D8%A8%D9%88%DA%A9-%D9%BE%D8%B1%D9%88-16gb-ram-1tb-ssd-4gb-vga-i9-mvvk2/
49000000,Core i3,0.0,0,0,15.0,new,0,apple,https://torob.com/p/400b156d-4958-4a71-bdd0-88871e2aecde/%D9%85%DA%A9-%D8%A8%D9%88%DA%A9-%D9%BE%D8%B1%D9%88-15-%D8%A7%DB%8C%D9%86%DA%86-%D8%B1%D8%AA%DB%8C%D9%86%D8%A7-%D8%A8%D8%A7-%D8%AA%D8%A7%DA%86-%D8%A8%D8%A7%D8%B1-2018/
242000000,Core i3,0.0,0,0,16.2,new,0,apple,https://torob.com/p/e5570eb6-9f63-469e-b63b-eff68cac80e6/%D9%84%D9%BE-%D8%AA%D8%A7%D9%BE-%D8%A7%D9%BE%D9%84-%D9%85%DA%A9-%D8%A8%D9%88%DA%A9-%D9%BE%D8%B1%D9%88-%D9%85%D8%AF%D9%84-apple-2023-macbook-pro-laptop-162-inch-%D8%A7%D8%B1%D8%B3%D8%A7%D9%84-10-%D8%A7%D9%84%DB%8C-15-%D8%B1%D9%88%D8%B2-%DA%A9%D8%A7%D8%B1%DB%8C/
69800000,M2,8.0,512,0,13.6,new,0,apple,https://torob.com/p/e57a3ee2-8628-4f3f-b155-d0a4b795bdcf/%D9%84%D9%BE-%D8%AA%D8%A7%D9%BE-%D8%A7%D9%BE%D9%84-136-%D8%A7%DB%8C%D9%86%DA%86%DB%8C-%D9%85%D8%AF%D9%84-apple-macbook-air-2022-silver-mly03-%D9%BE%D8%B1%D8%AF%D8%A7%D8%B2%D9%86%D8%AF%D9%87-m2-%D8%B1%D9%85-8gb-%D8%AD%D8%A7%D9%81%D8%B8%D9%87-512gb-ssd-%DA%AF%D8%B1%D8%A7%D9%81%DB%8C%DA%A9-10core-gpu/
23000000,Core i5,8.0,256,0,13.0,new,0,apple,https://torob.com/p/276a9fce-87d8-426e-9b15-e9008f5c9eb1/%D9%85%DA%A9-%D8%A8%D9%88%DA%A9-%D9%BE%D8%B1%D9%88-me865ll-a-2013-%D8%A8%D8%A7-%D8%AC%D8%B9%D8%A8%D9%87-256-%DA%AF%DB%8C%DA%AF%D8%A7%D8%A8%D8%A7%DB%8C%D8%AA-%D8%A8%D8%A7-%D8%B5%D9%81%D8%AD%D9%87-%D9%86%D9%85%D8%A7%DB%8C%D8%B4-13-%D8%A7%DB%8C%D9%86%DA%86-%D8%B1%D8%AA%DB%8C%D9%86%D8%A7/
55300000,Core i9,16.0,512,4000,15.0,new,0,apple,https://torob.com/p/28b53784-9008-4b7f-a319-821ea2337e43/%D9%84%D9%BE-%D8%AA%D8%A7%D9%BE-15-%D8%A7%DB%8C%D9%86%DA%86-%D8%A7%D9%BE%D9%84-%D9%85%DA%A9-%D8%A8%D9%88%DA%A9-%D9%BE%D8%B1%D9%88-mv912/
138000000,M1,32.0,1000,400000,16.0,new,0,apple,https://torob.com/p/736d010d-00e2-4308-853e-f23ba0fa973e/%D9%84%D9%BE-%D8%AA%D8%A7%D9%BE-%D8%A7%D9%BE%D9%84-16-%D8%A7%DB%8C%D9%86%DA%86-%D9%85%D8%AF%D9%84-mac-book-pro-16inch-mk1a3-%D9%BE%D8%B1%D8%AF%D8%A7%D8%B2%D9%86%D8%AF%D9%87-m1-max-%D8%B1%D9%85-32gb-%D8%AD%D8%A7%D9%81%D8%B8%D9%87-1tb-ssd/
219800000,M2,64.0,1000,0,16.0,new,0,apple,https://torob.com/p/a2a7b0de-60d3-4d1f-b73e-7ecef9858e7f/apple-macbook-pro-16-cto-m2-max-64-1ssd/
23000000,Core i7,16.0,256,0,15.0,new,256,apple,https://torob.com/p/daabe213-b285-41fd-a173-bdda9e739db3/%D9%84%D9%BE-%D8%AA%D8%A7%D9%BE-15-%D8%A7%DB%8C%D9%86%DA%86-%D8%A7%D9%BE%D9%84-%D9%85%DA%A9-%D8%A8%D9%88%DA%A9-pro-mjlq2/
265000000,M2,96.0,0,0,16.0,new,0,apple,https://torob.com/p/319cdabb-87f8-43d3-93f7-04c165f56e40/%D9%85%DA%A9-%D8%A8%D9%88%DA%A9-%D9%BE%D8%B1%D9%88-16-%D8%A7%DB%8C%D9%86%DA%86-%DA%A9%D8%A7%D8%B3%D8%AA%D9%88%D9%85-m2-max-%D9%BE%D8%B1%D8%AF%D8%A7%D8%B2%D9%86%D8%AF%D9%87-12core-38core-%D8%AD%D8%A7%D9%81%D8%B8%D9%87-%D8%B1%D9%85-96-%DA%AF%DB%8C%DA%AF%D8%A7%D8%A8%D8%A7%DB%8C%D8%AA-%D9%87%D8%A7%D8%B1%D8%AF-1-%D8%AA%D8%B1%D8%A7%D8%A8%D8%A7%DB%8C%D8%AA-ssd-%D9%86%D9%82%D8%B1%D9%87-%D8%A7%DB%8C/
181390000,M1,64.0,4000,0,16.0,new,0,apple,https://torob.com/p/3892b884-fccb-442c-9319-d2cf1d51cf55/apple-macbook-pro-16-mk233-2021/
156100000,M2,32.0,1000,0,14.0,new,0,apple,https://torob.com/p/816e7c7a-0096-4536-9649-5ccce0aa72ac/%D9%85%DA%A9-%D8%A8%D9%88%DA%A9-%D9%BE%D8%B1%D9%88-14-%D8%A7%DB%8C%D9%86%DA%86-m2-max-%D9%BE%D8%B1%D8%AF%D8%A7%D8%B2%D9%86%D8%AF%D9%87-12core-30core-%D8%AD%D8%A7%D9%81%D8%B8%D9%87-%D8%B1%D9%85-32-%DA%AF%DB%8C%DA%AF%D8%A7%D8%A8%D8%A7%DB%8C%D8%AA-%D9%87%D8%A7%D8%B1%D8%AF-1-%D8%AA%D8%B1%D8%A7%D8%A8%D8%A7%DB%8C%D8%AA-ssd-%D9%86%D9%82%D8%B1%D9%87-%D8%A7%DB%8C-mphk3/
93000000,M2,16.0,512,0,13.0,new,0,apple,https://torob.com/p/86aa0e00-6c5f-46d3-80b9-9c532477612c/%D9%84%D9%BE-%D8%AA%D8%A7%D9%BE-%D8%A7%D9%BE%D9%84-macbook-pro-13-2022-cto/
21400000,Core i5,8.0,256,0,13.0,new,0,apple,https://torob.com/p/b87f15a4-7049-491e-b6c6-d1ead566fb0a/%D9%84%D9%BE-%D8%AA%D8%A7%D9%BE-13-%D8%A7%DB%8C%D9%86%DA%86%DB%8C-apple-%D9%85%D8%AF%D9%84-macbook-air-a1466-2017-i5-8-256/
157000000,M2,32.0,1000,0,14.0,new,0,apple,https://torob.com/p/68b9fd3b-d8db-4467-ac6f-b93aeacfa989/%D9%85%DA%A9-%D8%A8%D9%88%DA%A9-%D9%BE%D8%B1%D9%88-14-%D8%A7%DB%8C%D9%86%DA%86%DB%8C-%D8%A7%D9%BE%D9%84-%D8%A8%D8%A7-%DA%86%DB%8C%D9%BE-m2-max-%D9%85%D8%AF%D9%84-mphg3-%D8%B1%D9%86%DA%AF-%D8%AE%D8%A7%DA%A9%D8%B3%D8%AA%D8%B1%DB%8C/
52500000,M1,0.0,0,0,15.0,stock,0,apple,https://torob.com/p/ffb24266-2e5b-474a-aa86-158194ef5627/%D9%84%D9%BE%D8%AA%D8%A7%D9%BE-apple-macbook-pro-m1-%D9%87%D9%85%D8%B1%D8%A7%D9%87-%D8%AA%D8%A7%DA%86-%D8%A8%D8%A7%D8%B1-%D8%AF%D8%B1-%D8%AD%D8%AF-%D9%86%D9%88/
128900000,M2,16.0,1000,0,16.0,new,0,apple,https://torob.com/p/df3e9a07-2e5d-47f1-b393-1a144294a33c/%D9%85%DA%A9-%D8%A8%D9%88%DA%A9-%D9%BE%D8%B1%D9%88-16-%D8%A7%DB%8C%D9%86%DA%86-m2-pro-%D9%85%D8%AF%D9%84-mnwd3-%D8%B3%D8%A7%D9%84-2023/
105000000,M2,24.0,1000,0,13.6,new,0,apple,https://torob.com/p/eaeee943-b4e4-4578-bd11-407b7055f4a2/%D9%85%DA%A9-%D8%A8%D9%88%DA%A9-%D8%A7%DB%8C%D8%B1-m2-%D8%B8%D8%B1%D9%81%DB%8C%D8%AA-24-1tb-%DA%AF%DB%8C%DA%AF-8c-10c-2022-cto/
97900000,M1,16.0,512,0,16.0,new,0,apple,https://torob.com/p/b9255159-2cdd-45d0-b9b3-fc0523f21fcc/%D9%84%D9%BE-%D8%AA%D8%A7%D9%BE-%D8%A7%D9%BE%D9%84-mk1e3-16gb-ram-512gb-ssd-m1-pro/
70200000,Core i7,0.0,512,4000,16.0,stock,0,apple,https://torob.com/p/f5dd415d-b32b-4925-95a5-98d304b2332b/%D9%84%D9%BE-%D8%AA%D8%A7%D9%BE-16-%D8%A7%DB%8C%D9%86%DA%86%DB%8C-%D8%A7%D9%BE%D9%84-%D9%85%D8%AF%D9%84-macbook-pro-a2141/
56112000,M1,8.0,512,0,13.0,new,0,apple,https://torob.com/p/1e155a06-5e4c-4edf-a9e1-2789ca9ec616/%D9%84%D9%BE-%D8%AA%D8%A7%D9%BE-%D8%A7%D9%BE%D9%84-8gb-ram-512gb-ssd-m1-mgn73/
10000000,Core i7,32.0,512,4000,16.0,new,0,apple,https://torob.com/p/a57b52a0-aa35-4ad3-9c5d-bdd18cb164f6/%D9%85%DA%A9-%D8%A8%D9%88%DA%A9-%D9%BE%D8%B1%D9%88-16-%D8%A7%DB%8C%D9%86%DA%86%DB%8C-2019-%D8%A8%D8%A7-%D8%AA%D8%A7%DA%86-%D8%A8%D8%A7%D8%B1-%D9%85%D8%AF%D9%84-a2141/
168900000,M2,32.0,1000,0,16.0,new,0,apple,https://torob.com/p/30676b9e-9d48-4140-8adb-200811d19bcf/%D9%85%DA%A9-%D8%A8%D9%88%DA%A9-%D9%BE%D8%B1%D9%88-16-%D8%A7%DB%8C%D9%86%DA%86-m2-max-%D9%BE%D8%B1%D8%AF%D8%A7%D8%B2%D9%86%D8%AF%D9%87-12core-38core-%D8%AD%D8%A7%D9%81%D8%B8%D9%87-%D8%B1%D9%85-32-%DA%AF%DB%8C%DA%AF%D8%A7%D8%A8%D8%A7%DB%8C%D8%AA-%D9%87%D8%A7%D8%B1%D8%AF-1-%D8%AA%D8%B1%D8%A7%D8%A8%D8%A7%DB%8C%D8%AA-ssd-%D9%86%D9%82%D8%B1%D9%87-%D8%A7%DB%8C-mnwe3/
114600000,M2,16.0,512,0,16.0,new,0,apple,https://torob.com/p/17d9b46b-d41b-444f-bb1e-5b6344d4280b/%D9%85%DA%A9-%D8%A8%D9%88%DA%A9-%D9%BE%D8%B1%D9%88-16-%D8%A7%DB%8C%D9%86%DA%86-m2-pro-%D9%85%D8%AF%D9%84-mnwc3-%D8%B3%D8%A7%D9%84-2023-m2-pro-16gb-512gb-%D8%B1%D9%86%DA%AF-silver/
24500000,Core i5,8.0,256,0,13.0,stock,0,apple,https://torob.com/p/5b24dc92-e170-4bbc-b9bb-43bf1410e769/%D9%84%D9%BE-%D8%AA%D8%A7%D9%BEapple-macbook-air-a1466-2017-%D8%A7%D8%B3%D8%AA%D9%88%DA%A9/
89000000,M2,16.0,512,0,13.0,new,0,apple,https://torob.com/p/e31313b6-b355-4764-b67b-e05ce8a5c990/%D9%85%DA%A9-%D8%A8%D9%88%DA%A9-%D8%A7%DB%8C%D8%B1-%DA%A9%D8%A7%D8%B3%D8%AA%D9%88%D9%85-m2-16-512-%D8%B3%D8%A7%D9%84-2022-midnight/
83000000,M2,16.0,256,100000,13.0,new,0,apple,https://torob.com/p/52d8a2bc-b169-4352-8eaf-9fcb9eac4798/%D9%85%DA%A9-%D8%A8%D9%88%DA%A9-%D9%BE%D8%B1%D9%88-13-%D8%A7%DB%8C%D9%86%DA%86-m2-%D8%B8%D8%B1%D9%81%DB%8C%D8%AA-16-256-%DA%AF%DB%8C%DA%AF-2022-cto/
116300000,M2,24.0,1000,0,13.6,new,0,apple,https://torob.com/p/0cfe3607-4808-4249-b41c-3172ad84f359/%D9%85%DA%A9-%D8%A8%D9%88%DA%A9-%D8%A7%DB%8C%D8%B1-m2-%D8%B3%D9%81%D8%A7%D8%B1%D8%B4%DB%8C-%D9%85%DB%8C%D8%AF%D9%86%D8%A7%DB%8C%D8%AA-%D8%AD%D8%A7%D9%81%D8%B8%D9%87-1-%D8%AA%D8%B1%D8%A7%D8%A8%D8%A7%DB%8C%D8%AA-%D9%88-24-%DA%AF%DB%8C%DA%AF-%D8%B1%D9%85/
34000000,Core i7,16.0,1000,2000,15.0,stock,0,apple,https://torob.com/p/24d47524-2901-44d5-8ebb-77be439562e8/%D9%84%D9%BE-%D8%AA%D8%A7%D9%BE-15-%D8%A7%DB%8C%D9%86%DA%86%DB%8C-%D8%A7%D9%BE%D9%84-apple-%D9%85%D8%AF%D9%84-macbook-pro-2017/
12958000,Core i5,4.0,0,0,13.0,stock,0,apple,https://torob.com/p/e55ec161-3854-4573-b834-2ee4f7a9e5d1/%D9%84%D9%BE-%D8%AA%D8%A7%D9%BE-%D9%85%DA%A9-%D8%A8%D9%88%DA%A9-%D9%BE%D8%B1%D9%8813-apple-macbook-pro-13-2011-%D8%A7%D8%B3%D8%AA%D9%88%DA%A9i5/
7280000,Core i5,8.0,0,0,13.0,stock,500,apple,https://torob.com/p/95a1e42d-44fb-4628-8ee9-3897c4bfa9aa/%D9%84%D9%BE%D8%AA%D8%A7%D9%BE-%D8%A7%D8%B3%D8%AA%D9%88%DA%A9-%D9%85%DA%A9-%D8%A8%D9%88%DA%A9-%D9%BE%D8%B1%D9%88-13-%D8%A7%DB%8C%D9%86%DA%86-apple-macbook-pro-a1278/
120900000,M2,16.0,1000,0,14.0,new,0,apple,https://torob.com/p/43dbf447-f0b4-4f20-8a2d-3ab624172767/%D9%85%DA%A9-%D8%A8%D9%88%DA%A9-%D9%BE%D8%B1%D9%88-14-%D8%A7%DB%8C%D9%86%DA%86-m2-%D9%BE%D8%B1%D9%882023-%D9%85%D8%AF%D9%84-mphj3ll-1tb/
23500000,Core i3,0.0,0,0,13.0,stock,0,apple,https://torob.com/p/53a5127f-7126-4a86-8599-233cd8a8166b/%D9%85%DA%A9-%D8%A8%D9%88%DA%A9-%D9%BE%D8%B1%D9%88-13-%D8%A7%DB%8C%D9%86%DA%86-2019-%DA%A9%D8%A7%D8%B1%DA%A9%D8%B1%D8%AF%D9%87-%D9%85%D8%AF%D9%84-muhn2ll-a/
49000000,M2,0.0,0,0,15.0,new,0,apple,https://torob.com/p/c7a76136-38b0-4092-8011-e861163fd080/%D8%A7%D9%BE%D9%84-%D9%85%DA%A9-%D9%85%DB%8C%D9%86%DB%8C-%D9%85%D8%AF%D9%84-mac-mini-mmfk3/
99000000,M1,16.0,1000,0,16.0,new,0,apple,https://torob.com/p/e711d802-f009-4c67-8648-4c0b21698ff9/%D9%84%D9%BE-%D8%AA%D8%A7%D9%BE-%D8%A7%D9%BE%D9%84-mk1f3-16gb-ram-1tb-ssd-m1-pro/
89500000,Core i7,512.0,0,4000,16.0,new,0,apple,https://torob.com/p/af51a7e2-aa0b-44cf-9eb0-d5cb2d7bf6cc/%D9%84%D9%BE-%D8%AA%D8%A7%D9%BE-16-%D8%A7%DB%8C%D9%86%DA%86-%D8%A7%D9%BE%D9%84-macbook-pro-16-inch-cto-core-i7-32gb-ram-512gb-ssd-4gb-gpu-%D8%AF%D8%A7%D8%B1%D8%A7%DB%8C-%D8%AA%D8%A7%DA%86-%D8%A8%D8%A7%D8%B1/
62667000,M1,8.0,256,0,13.0,new,0,apple,https://torob.com/p/09fd852f-fb82-4b43-bfbc-88833f4afe59/%D9%84%D9%BE-%D8%AA%D8%A7%D9%BE-13-%D8%A7%DB%8C%D9%86%DA%86%DB%8C-%D8%A7%D9%BE%D9%84-%D9%85%D8%AF%D9%84-macbook-pro-myda2-2020-%D9%87%D9%85%D8%B1%D8%A7%D9%87-%D8%A8%D8%A7-%D8%AA%D8%A7%DA%86-%D8%A8%D8%A7%D8%B1/
97500000,M2,16.0,512,0,14.0,new,0,apple,https://torob.com/p/acae410f-be2a-4954-b915-8baa79b2bdf3/%D9%85%DA%A9-%D8%A8%D9%88%DA%A9-%D9%BE%D8%B1%D9%88-14-%D8%A7%DB%8C%D9%86%DA%86%DB%8C-%D8%A7%D9%BE%D9%84-%D8%A8%D8%A7-%DA%86%DB%8C%D9%BE-m2-pro-%D9%85%D8%AF%D9%84-mphh3-%D8%B1%D9%86%DA%AF-%D9%86%D9%82%D8%B1%D9%87-%D8%A7%DB%8C/
72500000,M2,8.0,256,0,15.3,new,0,apple,https://torob.com/p/4d04a4f5-e220-42d9-9a1b-cd2ef24ed991/%D9%85%DA%A9-%D8%A8%D9%88%DA%A9-%D8%A7%DB%8C%D8%B1-153-%D8%A7%DB%8C%D9%86%DA%86%DB%8C-%D8%A7%D9%BE%D9%84-%D8%A8%D8%A7-%DA%86%DB%8C%D9%BE-m2-%D9%85%D8%AF%D9%84-mqkw3-%D8%B1%D9%86%DA%AF-%D9%85%DB%8C%D8%AF%D9%86%D8%A7%DB%8C%D8%AA/
5900000,Core i3,0.0,0,0,13.0,new,0,apple,https://torob.com/p/8db791e4-9e1a-4f3f-8f5c-e6909af9f983/%D9%85%DA%A9-%D8%A8%D9%88%DA%A9-%D9%BE%D8%B1%D9%88-13-%D8%A7%DB%8C%D9%86%DA%86-core-2-%D8%A7%D9%BE%D9%84-%D9%85%D8%AF%D9%84-a1181-%D8%B3%D8%A7%D9%84-2009/
93800000,M1,16.0,512,0,16.0,new,0,apple,https://torob.com/p/02ea4822-6b17-4998-a417-7843c55e3c10/%D9%85%DA%A9-%D8%A8%D9%88%DA%A9-%D9%BE%D8%B1%D9%88-16-%D8%A7%DB%8C%D9%86%DA%86-m1-pro-%D8%B8%D8%B1%D9%81%DB%8C%D8%AA-512-32-%DA%AF%DB%8C%DA%AF%D8%A7%D8%A8%D8%A7%DB%8C%D8%AA-%D9%85%D8%AF%D9%84-2021/
67500000,Core i3,0.0,0,0,15.0,new,0,apple,https://torob.com/p/7fa11ca6-ce50-4ff0-898e-d7781b6e7f5b/%D9%84%D9%BE-%D8%AA%D8%A7%D9%BE-%D9%85%DA%A9-%D8%A8%D9%88%DA%A9-%D9%BE%D8%B1%D9%88-2019/
69864000,M2,8.0,256,0,13.6,new,0,apple,https://torob.com/p/8e198f60-a60f-4804-89c4-1261e5e17654/%D9%84%D9%BE-%D8%AA%D8%A7%D9%BE-%D8%A7%D9%BE%D9%84-%D9%85%DA%A9-%D8%A8%D9%88%DA%A9-%D8%A7%DB%8C%D8%B1-%D9%85%D8%AF%D9%84-2022-apple-macbook-air-laptop-%D8%A7%D8%B1%D8%B3%D8%A7%D9%84-10-%D8%A7%D9%84%DB%8C-15-%D8%B1%D9%88%D8%B2-%DA%A9%D8%A7%D8%B1%DB%8C/
91450000,M1,16.0,512,0,14.0,new,0,apple,https://torob.com/p/5c8bef58-f5af-4db6-883f-f669484bbe2b/%D9%85%DA%A9-%D8%A8%D9%88%DA%A9-%D9%BE%D8%B1%D9%88-16-%D8%A7%DB%8C%D9%86%DA%86-m1-pro-%D8%B8%D8%B1%D9%81%DB%8C%D8%AA-512-16-%DA%AF%DB%8C%DA%AF%D8%A7%D8%A8%D8%A7%DB%8C%D8%AA-%D9%85%D8%AF%D9%84-2021/
15000000,Core i3,0.0,0,0,15.0,new,0,apple,https://torob.com/p/b3b37735-c456-4480-a8a9-b1da5488765c/%D9%84%D9%BE-%D8%AA%D8%A7%D9%BE-%D8%A7%D9%BE%D9%84-macbook-pro-%DA%A9%DB%8C%D9%81%DB%8C%D8%AA-%D8%AA%D8%B5%D9%88%DB%8C%D8%B1-%D8%B9%D8%A7%D9%84%DB%8C/
25000000,Core i3,0.0,0,0,13.0,stock,0,apple,https://torob.com/p/207e4241-50bf-4a8a-ab80-c309622a5fb6/%D9%85%DA%A9-%D8%A8%D9%88%DA%A9-%D8%A7%DB%8C%D8%B1-%D8%B1%D8%AA%DB%8C%D9%86%D8%A7-13-%D8%A7%DB%8C%D9%86%DA%86-2020-%DA%A9%D8%A7%D8%B1%DA%A9%D8%B1%D8%AF%D9%87-%D9%85%D8%AF%D9%84-mwtl2ll-a/
221750000,M2,64.0,0,0,16.0,new,0,apple,https://torob.com/p/26824c8d-9aef-48a4-9df2-6175da5a69c5/%D9%85%DA%A9-%D8%A8%D9%88%DA%A9-%D9%BE%D8%B1%D9%88-16-%D8%A7%DB%8C%D9%86%DA%86-%DA%A9%D8%A7%D8%B3%D8%AA%D9%88%D9%85-m2-max-%D9%BE%D8%B1%D8%AF%D8%A7%D8%B2%D9%86%D8%AF%D9%87-12core-38core-%D8%AD%D8%A7%D9%81%D8%B8%D9%87-%D8%B1%D9%85-64-%DA%AF%DB%8C%DA%AF%D8%A7%D8%A8%D8%A7%DB%8C%D8%AA-%D9%87%D8%A7%D8%B1%D8%AF-1-%D8%AA%D8%B1%D8%A7%D8%A8%D8%A7%DB%8C%D8%AA-ssd-%D9%86%D9%82%D8%B1%D9%87-%D8%A7%DB%8C/
183000000,M1,64.0,2000,0,16.0,new,0,apple,https://torob.com/p/b5a172d3-98f8-4e55-9e85-14e3290c4b30/%D9%84%D9%BE-%D8%AA%D8%A7%D9%BE-16-%D8%A7%DB%8C%D9%86%DA%86%DB%8C-%D8%A7%D9%BE%D9%84-%D9%85%D8%AF%D9%84-macbook-pro-m1-64-2tb-10c-32c-cto-2021/
177000000,M2,32.0,0,0,16.2,new,0,apple,https://torob.com/p/e5359947-77d0-4ce1-bd57-45d99ce124dc/%D9%84%D9%BE-%D8%AA%D8%A7%D9%BE-%D8%A7%D9%BE%D9%84-%D9%85%DA%A9-%D8%A8%D9%88%DA%A9-%D9%85%D8%AF%D9%84-apple-macbook-pro-16-2023-m2-max-32gb-1tb/
17900000,Core i5,8.0,256,0,13.0,stock,256,apple,https://torob.com/p/a57999df-3d5c-4f04-936e-29ae790964d5/%D9%84%D9%BE-%D8%AA%D8%A7%D9%BE-%D8%A7%D9%BE%D9%84-%D8%A7%D8%B3%D8%AA%D9%88%DA%A9-%D9%85%D8%AF%D9%84-apple-macbook-a1466-ram-8gb-ddr3-256gb-ssd-i5-intel/
7200000,Core i3,0.0,0,0,13.0,new,0,apple,https://torob.com/p/844ab554-1825-4a4c-bf76-f458774ea579/%D9%85%DA%A9-%D8%A8%D9%88%DA%A9-%D9%BE%D8%B1%D9%88-13-%D8%A7%DB%8C%D9%86%DA%86-core-2-%D8%A7%D9%BE%D9%84-%D9%85%D8%AF%D9%84-a1342-%D8%B3%D8%A7%D9%84-2010/
33300000,Core i7,16.0,1000,0,13.3,stock,0,apple,https://torob.com/p/07fb10e1-56d6-439e-9831-c070256d9850/%D9%85%DA%A9-%D8%A8%D9%88%DA%A9-%D9%BE%D8%B1%D9%88-2017-%D8%A7%D8%B3%D8%AA%D9%88%DA%A9-%D8%A7%D9%BE%D9%84-133-%D8%A7%DB%8C%D9%86%DA%86%DB%8C-%D8%AA%D8%A7%DA%86-%D8%A8%D8%A7%D8%B1-intel-iris-plus-650%DA%AF%D8%B1%D8%A7%D9%81%DB%8C%DA%A9-apple-macbook-pro-2017-cori7-16gb/
55400000,Core i7,16.0,512,4000,15.4,new,0,apple,https://torob.com/p/4862a495-3305-4658-b3da-1a6b51afa9f5/%D9%84%D9%BE-%D8%AA%D8%A7%D9%BE-apple-macbook-pro-15-2018-i7-8750h16g512gamd-pro-555-4gb154-2k/
25500000,Core i5,8.0,0,0,13.0,new,0,apple,https://torob.com/p/670cf10b-71be-43f3-97e2-8be906d2b3e5/%D9%84%D9%BE-%D8%AA%D8%A7%D9%BE-mac-book-pro-a1708-2017/
82500000,M2,8.0,512,0,15.3,new,0,apple,https://torob.com/p/e8057e75-89a2-4f0f-8868-825113f9acad/%D9%85%DA%A9-%D8%A8%D9%88%DA%A9-%D8%A7%DB%8C%D8%B1-153-%D8%A7%DB%8C%D9%86%DA%86%DB%8C-%D8%A7%D9%BE%D9%84-%D8%A8%D8%A7-%DA%86%DB%8C%D9%BE-m2-%D9%85%D8%AF%D9%84-mqkq3-%D8%B1%D9%86%DA%AF-%D9%86%D9%82%D8%B1%D9%87-%D8%A7%DB%8C/
25000000,Core i5,0.0,0,0,13.3,stock,0,apple,https://torob.com/p/aea1f87c-a3fd-4ae9-a00a-831fe1db19f9/%D9%85%DA%A9-%D8%A8%D9%88%DA%A9-%D8%A7%DB%8C%D8%B1-%D8%A7%D8%B3%D8%AA%D9%88%DA%A9-%D9%85%D8%AF%D9%84-mvfh2-2019-%D8%A8%D8%A7-%D8%B5%D9%81%D8%AD%D9%87-%D9%86%D9%85%D8%A7%DB%8C%D8%B4-%D8%B1%D8%AA%DB%8C%D9%86%D8%A7/
24800000,Core i5,0.0,0,0,13.3,stock,0,apple,https://torob.com/p/c4ff9acf-0d78-4337-a95f-b801d08b2262/%D9%85%DA%A9-%D8%A8%D9%88%DA%A9-%D8%A7%DB%8C%D8%B1-%D8%A7%D8%B3%D8%AA%D9%88%DA%A9-%D9%85%D8%AF%D9%84-mvfh2-2019-%D8%A8%D8%A7-%D8%B5%D9%81%D8%AD%D9%87-%D9%86%D9%85%D8%A7%DB%8C%D8%B4-%D8%B1%D8%AA%DB%8C%D9%86%D8%A7/
28000000,Core i3,0.0,0,0,13.0,stock,0,apple,https://torob.com/p/305a1219-b60b-4e96-abd9-98ee987d7ac2/%D9%85%DA%A9-%D8%A8%D9%88%DA%A9-%D9%BE%D8%B1%D9%88-13-%D8%A7%DB%8C%D9%86%DA%86-2017-%DA%A9%D8%A7%D8%B1%DA%A9%D8%B1%D8%AF%D9%87-%D9%85%D8%AF%D9%84-mpxt2ll-a/
139500000,M1,32.0,1000,400000,16.0,new,0,apple,https://torob.com/p/90b7a706-7504-4923-8cf6-babe95a2b9f3/%D9%84%D9%BE-%D8%AA%D8%A7%D9%BE-%D8%A7%D9%BE%D9%84-macbook-pro-mk1h3-2021-m1-max-32gb-1tb-ssd/
47500000,Core i5,0.0,0,0,13.0,stock,0,apple,https://torob.com/p/aef32b66-bddd-4421-8a29-3f8b7f142adc/%D9%85%DA%A9-%D8%A8%D9%88%DA%A9-%D8%A7%D9%BE%D9%84-macbook-air-2020/
24300000,Core i5,16.0,0,0,13.0,new,256,apple,https://torob.com/p/b5b3aa42-1c3d-4b56-b63e-e63aa7ef71b2/macbook-pro-2017-i5-16-256/
41000000,Core i3,0.0,0,0,16.0,stock,0,apple,https://torob.com/p/cfc1f665-de77-488c-8eb5-651c4f391ae1/%D9%85%DA%A9-%D8%A8%D9%88%DA%A9-%D9%BE%D8%B1%D9%88-16-%D8%A7%DB%8C%D9%86%DA%86-%D8%AA%D8%A7%DA%86-%D8%A8%D8%A7%D8%B1-2017-%D8%AF%D8%B3%D8%AA-%D8%AF%D9%88%D9%85/
47000000,Core i7,0.0,0,0,15.0,new,0,apple,https://torob.com/p/30542994-929b-46e8-af57-146d6cf1f0b0/%D9%84%D9%BE-%D8%AA%D8%A7%D9%BE-16-%D8%A7%DB%8C%D9%86%DA%86%DB%8C-%D8%A7%D9%BE%D9%84-%D9%85%D8%AF%D9%84-apple-macbook-pro-retina-1707/
105600000,Core i7,16.0,512,4000,16.0,new,0,apple,https://torob.com/p/5d0d4e3d-3147-4743-9118-f72b05986bf2/%D9%85%DA%A9-%D8%A8%D9%88%DA%A9-%D9%BE%D8%B1%D9%88-16gb-ram-512gb-ssd-4gb-vga-i7-mvvj2/
114999000,M2,16.0,512,0,16.0,new,0,apple,https://torob.com/p/e42ce3b5-17fd-4dbe-9161-ffcc468e5183/%D9%85%DA%A9-%D8%A8%D9%88%DA%A9-%D9%BE%D8%B1%D9%88-162-%D8%A7%DB%8C%D9%86%DA%86-m2-pro-12-19core-%D8%B8%D8%B1%D9%81%DB%8C%D8%AA-512-16-%DA%AF%DB%8C%DA%AF%D8%A7%D8%A8%D8%A7%DB%8C%D8%AA-%D9%85%D8%AF%D9%84-2023/
192000000,M2,64.0,0,0,14.0,new,0,apple,https://torob.com/p/922ef65f-9375-45b1-ba86-bae3dcb06bc2/%D9%85%DA%A9-%D8%A8%D9%88%DA%A9-%D9%BE%D8%B1%D9%88-14-%D8%A7%DB%8C%D9%86%DA%86-m2-max-%D8%B8%D8%B1%D9%81%DB%8C%D8%AA-64-1tb-%DA%AF%DB%8C%DA%AF-12-38-%D9%87%D8%B3%D8%AA%D9%87-2023-cto/
121000000,M1,0.0,0,0,15.0,new,0,apple,https://torob.com/p/3c39c7bf-cab9-43f0-828e-2ad8a3985518/%D9%85%DA%A9-%D8%A7%D8%B3%D8%AA%D9%88%D8%AF%DB%8C%D9%88-%D8%A7%D9%BE%D9%84-%D9%85%D8%AF%D9%84-mac-studio-mjmv3/
11600000,Core i5,0.0,0,0,15.0,stock,0,apple,https://torob.com/p/acd621e0-65ad-43fe-b6ce-7b559b89316a/%D9%85%DA%A9-%D8%A8%D9%88%DA%A9-%D9%BE%D8%B1%D9%88-2013-%D8%A7%D8%B3%D8%AA%D9%88%DA%A9-%D9%85%D8%AF%D9%84-%D8%B1%D8%AA%DB%8C%D9%86%D8%A7/
18500000,Core i3,0.0,0,0,13.0,new,0,apple,https://torob.com/p/e6b44233-1c4a-4a85-b8a7-31eaa88ff7c0/%D9%84%D9%BE-%D8%AA%D8%A7%D9%BE-%D9%85%DA%A9-%D8%A8%D9%88%DA%A9-13-%D8%A7%DB%8C%D9%86%DA%86%DB%8C-%D8%A7%D9%BE%D9%84-%D9%85%D8%AF%D9%84-macbook-pro-me865-2013-%D8%A8%D8%A7-%D8%B5%D9%81%D8%AD%D9%87-%D9%86%D9%85%D8%A7%DB%8C%D8%B4-%D8%B1%D8%AA%DB%8C%D9%86%D8%A7/
223000000,M2,96.0,0,0,14.0,new,0,apple,https://torob.com/p/af4597ef-1856-4223-a7f0-a6338bba7b36/%D9%85%DA%A9-%D8%A8%D9%88%DA%A9-%D9%BE%D8%B1%D9%88-14-%D8%A7%DB%8C%D9%86%DA%86-%DA%A9%D8%A7%D8%B3%D8%AA%D9%88%D9%85-m2-max-%D9%BE%D8%B1%D8%AF%D8%A7%D8%B2%D9%86%D8%AF%D9%87-12core-38core-%D8%AD%D8%A7%D9%81%D8%B8%D9%87-%D8%B1%D9%85-96-%DA%AF%DB%8C%DA%AF%D8%A7%D8%A8%D8%A7%DB%8C%D8%AA-%D9%87%D8%A7%D8%B1%D8%AF-1-%D8%AA%D8%B1%D8%A7%D8%A8%D8%A7%DB%8C%D8%AA-ssd-%D9%86%D9%82%D8%B1%D9%87-%D8%A7%DB%8C/
14200000,Core i5,8.0,128,0,13.0,stock,0,apple,https://torob.com/p/8b4039a4-5bba-4a40-9d93-915e7dacc06d/%D9%84%D9%BE-%D8%AA%D8%A7%D9%BE-%D8%A7%D8%B3%D8%AA%D9%88%DA%A9-%D9%85%DA%A9-%D8%A8%D9%88%DA%A9-%D9%BE%D8%B1%D9%88-macbook-pro-13-inch-2012-%D9%85%D8%AF%D9%84-a1278-%D8%B1%D9%85-8-%D8%AD%D8%A7%D9%81%D8%B8%D9%87-128-%D9%BE%D8%B1%D8%AF%D8%A7%D8%B2%D9%86%D8%AF%D9%87-i5-%D8%B5%D9%81%D8%AD%D9%87-%D9%86%D9%85%D8%A7%DB%8C%D8%B4-13-%D8%A7%DB%8C%D9%86%DA%86/
98900000,M2,16.0,512,0,14.2,new,0,apple,https://torob.com/p/aa44bdec-0c3b-47da-800b-4cf766c1c18d/%D9%84%D9%BE-%D8%AA%D8%A7%D9%BE-14-%D8%A7%DB%8C%D9%86%DA%86%DB%8C-%D8%A7%D9%BE%D9%84-%D9%85%D8%AF%D9%84-macbook-pro-mphe3-2023/
42000000,Core i7,0.0,0,0,15.0,new,0,apple,https://torob.com/p/9349c420-e7b7-43f1-b36b-264d7ca50340/%D9%84%D9%BE-%D8%AA%D8%A7%D9%BE-%D8%A7%D9%BE%D9%84-%D9%85%D8%AF%D9%84-macbook-pro-2018-i7-16-500ssd/
32900000,Core i7,0.0,0,0,15.0,new,0,apple,https://torob.com/p/dba833d1-dfd5-4ba6-ae1c-a9b6f67a55cc/macbook-pro-2017-i7-16gb-500-ssd-2gb/
71500000,M2,8.0,512,0,13.3,new,0,apple,https://torob.com/p/04a37dd7-7fac-416d-9866-4794be2ff57a/%D9%84%D9%BE-%D8%AA%D8%A7%D9%BE-133-%D8%A7%DB%8C%D9%86%DA%86%DB%8C-%D8%A7%D9%BE%D9%84-%D9%85%D8%AF%D9%84-macbook-pro-mnej3-2022/
82500000,M2,8.0,512,0,15.3,new,0,apple,https://torob.com/p/a77e1581-9c84-4f8d-bbe1-7b660d8e7922/%D9%85%DA%A9-%D8%A8%D9%88%DA%A9-%D8%A7%DB%8C%D8%B1-153-%D8%A7%DB%8C%D9%86%DA%86%DB%8C-%D8%A7%D9%BE%D9%84-%D8%A8%D8%A7-%DA%86%DB%8C%D9%BE-m2-%D9%85%D8%AF%D9%84-mqkx3-%D8%B1%D9%86%DA%AF-%D9%85%DB%8C%D8%AF%D9%86%D8%A7%DB%8C%D8%AA/
223000000,M2,96.0,0,0,14.0,new,0,apple,https://torob.com/p/6980a15b-dadc-472f-a425-02d377c0b148/%D9%85%DA%A9-%D8%A8%D9%88%DA%A9-%D9%BE%D8%B1%D9%88-14-%D8%A7%DB%8C%D9%86%DA%86-m2-max-%D8%B8%D8%B1%D9%81%DB%8C%D8%AA-96-1tb-%DA%AF%DB%8C%DA%AF-12-38-%D9%87%D8%B3%D8%AA%D9%87-2023-cto/
60700000,M1,8.0,256,0,13.0,new,0,apple,https://torob.com/p/11e0e5da-733a-45d3-b3b0-a0dea4426617/%D9%84%D9%BE-%D8%AA%D8%A7%D9%BE-%D8%A7%D9%BE%D9%84-pro-myda2-8gb-ram-256gb-ssd-m1/
96699000,M1,16.0,1000,0,14.0,new,0,apple,https://torob.com/p/191ba4c6-89a9-43ca-9e82-3adfdb19d476/%D9%85%DA%A9-%D8%A8%D9%88%DA%A9-%D9%BE%D8%B1%D9%88-14-%D8%A7%DB%8C%D9%86%DA%86-m1-pro-10-16core-%D8%B8%D8%B1%D9%81%DB%8C%D8%AA-1tb-16-%D8%AA%D8%B1%D8%A7%D8%A8%D8%A7%DB%8C%D8%AA-%D9%85%D8%AF%D9%84-2021/
48000000,M1,0.0,0,0,13.0,new,0,apple,https://torob.com/p/8cbedb52-2963-4c63-99dc-4ed2e3db02ac/%D9%84%D9%BE%D8%AA%D8%A7%D9%BE-%D8%A7%D9%BE%D9%84-%D9%85%D8%AF%D9%84-macbook-air-mgn63/
125387000,M2,16.0,1000,0,16.2,new,0,apple,https://torob.com/p/77fefe5b-a416-4ecf-949d-6669d00d5f41/%D9%84%D9%BE-%D8%AA%D8%A7%D9%BE-16-%D8%A7%DB%8C%D9%86%DA%86-%D8%A7%D9%BE%D9%84-%D9%85%D8%AF%D9%84-macbook-pro-mnw93-2023-%D8%B8%D8%B1%D9%81%DB%8C%D8%AA-16-1t-%D8%B1%D9%86%DA%AF-%D8%AE%D8%A7%DA%A9%D8%B3%D8%AA%D8%B1%DB%8C/
120399000,M2,16.0,1000,0,14.0,new,0,apple,https://torob.com/p/f813ddfb-c6af-463f-bf11-2ae23971d426/%D9%85%DA%A9-%D8%A8%D9%88%DA%A9-%D9%BE%D8%B1%D9%88-14-%D8%A7%DB%8C%D9%86%DA%86-m2-pro-12c-19c-%D8%B8%D8%B1%D9%81%DB%8C%D8%AA-16-1-%D8%AA%D8%B1%D8%A7%D8%A8%D8%A7%DB%8C%D8%AA-2023/
9850000,Core i7,0.0,0,0,15.0,stock,0,apple,https://torob.com/p/fd11aee1-537b-4040-b887-12c2195e8a4e/%D9%85%DA%A9-%D8%A8%D9%88%DA%A9-%D9%BE%D8%B1%D9%88-15-i7-500g-ram4g-%D8%A7%D9%BE%D9%84-%D9%85%D8%AF%D9%84-mc373-%D8%B3%D8%A7%D9%84-2010-%D8%A7%D8%B3%D8%AA%D9%88%DA%A9-%D8%B3%D8%A7%DB%8C%DA%A9%D9%84-150/
19350000,Core i7,0.0,256,0,13.0,new,0,apple,https://torob.com/p/82583f5c-c504-405b-9ca3-2d8d5a0e6b75/%D9%84%D9%BE-%D8%AA%D8%A7%D9%BE-%D9%85%DA%A9-%D8%A7%DB%8C%D8%B1-2015-macbook-air-%D9%85%D8%AF%D9%84-a1466-%D8%B1%D9%85-8-%D8%AD%D8%A7%D9%81%D8%B8%D9%87-256-%D9%BE%D8%B1%D8%AF%D8%A7%D8%B2%D9%86%D8%AF%D9%87-i7-%D8%B1%D8%AA%DB%8C%D9%86%D8%A7-%D8%B5%D9%81%D8%AD%D9%87-%D9%86%D9%85%D8%A7%DB%8C%D8%B4-13-%D8%A7%DB%8C%D9%86%DA%86/
94499000,M1,16.0,512,200000,14.0,new,0,apple,https://torob.com/p/657435db-30e6-490a-bc86-0284dee4bb37/%D9%85%DA%A9-%D8%A8%D9%88%DA%A9-%D9%BE%D8%B1%D9%88-%DA%A9%D8%A7%D8%B3%D8%AA%D9%88%D9%85-14-%D8%A7%DB%8C%D9%86%DA%86-m1-pro-10c-16c-16-512/
11500000,Core i5,0.0,0,0,15.0,new,0,apple,https://torob.com/p/34c13974-d72f-4140-8929-c1adb8b2a07a/%D9%84%D9%BE-%D8%AA%D8%A7%D9%BE-%D9%85%DA%A9-%D8%A8%D9%88%DA%A9-%D9%BE%D8%B1%D9%88-macbook-pro/
170000000,Core i3,0.0,0,0,16.2,new,0,apple,https://torob.com/p/75f04c69-193e-4bcf-9c37-d6b534d30acb/%D9%84%D9%BE-%D8%AA%D8%A7%D9%BE-%D8%A7%D9%BE%D9%84-%D9%85%DA%A9-%D8%A8%D9%88%DA%A9-%D9%BE%D8%B1%D9%88-%D9%85%D8%AF%D9%84-apple-2023-macbook-pro-laptop-162-inch-%D8%A7%D8%B1%D8%B3%D8%A7%D9%84-10-%D8%A7%D9%84%DB%8C-15-%D8%B1%D9%88%D8%B2-%DA%A9%D8%A7%D8%B1%DB%8C/
64900000,Core i7,0.0,0,0,16.0,new,0,apple,https://torob.com/p/9959106e-a0a9-4529-9c5d-e0b5cfd05af5/%D9%84%D9%BE-%D8%AA%D8%A7%D9%BE-%D8%A7%DA%A9%D8%A8%D9%86%D8%AF-macbook-pro16-2019-a2141--i7-9750h-32-ddr3-512ssd-4gb-radeon-pro-5300m-16inch/
24800000,Core i5,0.0,0,0,13.3,stock,0,apple,https://torob.com/p/174fe650-28da-484d-a0ed-ac262e1f5110/%D9%85%DA%A9-%D8%A8%D9%88%DA%A9-%D8%A7%DB%8C%D8%B1-%D8%A7%D8%B3%D8%AA%D9%88%DA%A9-%D9%85%D8%AF%D9%84-mvfh2-2019-%D8%A8%D8%A7-%D8%B5%D9%81%D8%AD%D9%87-%D9%86%D9%85%D8%A7%DB%8C%D8%B4-%D8%B1%D8%AA%DB%8C%D9%86%D8%A7/
72500000,M2,8.0,256,0,15.3,new,0,apple,https://torob.com/p/80e726c8-cf8d-4c65-b51b-ad6f6fc83798/%D9%85%DA%A9-%D8%A8%D9%88%DA%A9-%D8%A7%DB%8C%D8%B1-153-%D8%A7%DB%8C%D9%86%DA%86%DB%8C-%D8%A7%D9%BE%D9%84-%D8%A8%D8%A7-%DA%86%DB%8C%D9%BE-m2-%D9%85%D8%AF%D9%84-mqkp3-%D8%B1%D9%86%DA%AF-%D8%AE%D8%A7%DA%A9%D8%B3%D8%AA%D8%B1%DB%8C/
22000000,Core i5,8.0,256,0,13.0,new,0,apple,https://torob.com/p/81e5d682-c50a-49a1-9f45-750dc3b43a69/%D9%84%D9%BE-%D8%AA%D8%A7%D9%BE-%D8%A7%D8%B3%D8%AA%D9%88%DA%A9-apple-macbook-air-a1466-2015/
39100000,Core i7,16.0,512,2000,15.6,stock,0,apple,https://torob.com/p/cef01378-191f-4676-b01a-d8a474a353c2/%D9%84%D9%BE-%D8%AA%D8%A7%D9%BE-apple-%D9%85%D8%AF%D9%84-macbook-pro15-a1707-d/
14200000,Core i5,0.0,0,0,13.0,stock,0,apple,https://torob.com/p/4251cab4-d539-4019-a986-d346f5223a2d/%D9%85%DA%A9-%D8%A8%D9%88%DA%A9-%D9%BE%D8%B1%D9%88-%D8%A7%D8%B3%D8%AA%D9%88%DA%A9-13-%D8%A7%DB%8C%D9%86%DA%86-core-i5-%D8%A7%D9%BE%D9%84-%D9%85%D8%AF%D9%84-md101-a1278-%D8%B3%D8%A7%D9%84-2012-%D8%A8%D8%A7-%D8%B3%D8%A7%DB%8C%DA%A9%D9%84-150/
210000000,M1,32.0,1000,0,16.0,new,0,apple,https://torob.com/p/ecc3099d-5fb0-48f6-b866-b3f928be31b1/%D8%A7%D9%BE%D9%84-%D9%85%DA%A9-%D8%A8%D9%88%DA%A9-%D9%BE%D8%B1%D9%88-2021-%D9%85%D8%AF%D9%84-2-%D8%AA%D8%B1%D8%A7%D8%A8%D8%A7%DB%8C%D8%AA-64%DA%AF%DB%8C%DA%AF-%D8%B1%D9%85-m1-%D9%85%DA%A9%D8%B3-16-%D8%A7%DB%8C%D9%86%DA%86%DB%8C-%D8%B3%D9%81%D8%A7%D8%B1%D8%B4%DB%8C-32c-gpu-10c-cpu-%D9%85%D8%AF%D9%84-cto/
48900000,Core i5,0.0,0,0,15.0,new,0,apple,https://torob.com/p/84a2aece-d1a3-4006-a5ac-fd5e39ee6469/%D9%84%D9%BE-%D8%AA%D8%A7%D9%BE-%D8%A7%D9%BE%D9%84-%D9%85%DA%A9-%D8%A8%D9%88%DA%A9-%D9%BE%D8%B1%D9%88-macbook-pro-2018-core-i7-16g-256g-ssd-4g-amd-15-inch-touch-bar/
115092000,M2,24.0,1000,0,13.6,new,0,apple,https://torob.com/p/ccdad0f3-70fd-4348-917a-ea01e30f4ad6/%D9%85%DA%A9-%D8%A8%D9%88%DA%A9-%D8%A7%DB%8C%D8%B1-m2-%D8%B3%D9%81%D8%A7%D8%B1%D8%B4%DB%8C-%D8%B3%DB%8C%D9%84%D9%88%D8%B1-%D8%AD%D8%A7%D9%81%D8%B8%D9%87-1-%D8%AA%D8%B1%D8%A7%D8%A8%D8%A7%DB%8C%D8%AA-%D9%88-24-%DA%AF%DB%8C%DA%AF-%D8%B1%D9%85/
79900000,M2,16.0,256,0,13.0,new,0,apple,https://torob.com/p/139cadf2-05d0-40dd-89c0-29fe16654d94/%D9%84%D9%BE-%D8%AA%D8%A7%D9%BE-13-%D8%A7%DB%8C%D9%86%DA%86%DB%8C-%D8%A7%D9%BE%D9%84-%D9%85%D8%AF%D9%84-macbook-air-m2-16gb-256gb-8c-8c-cto-2022/
119900000,M2,16.0,1000,0,14.0,new,0,apple,https://torob.com/p/f71d89ea-5e81-4c50-bb3b-9811f915b66e/%D9%84%D9%BE-%D8%AA%D8%A7%D9%BE-14-%D8%A7%DB%8C%D9%86%DA%86-%D8%A7%D9%BE%D9%84-%D9%85%D8%AF%D9%84-macbook-pro-m2-pro-mphj3-2023-16-1tb/
27500000,Core i7,16.0,512,1536,13.3,stock,0,apple,https://torob.com/p/83d3d8c7-4dc2-4f67-b9eb-228c914ba994/%D9%84%D9%BE-%D8%AA%D8%A7%D9%BE-%D8%A7%D8%B3%D8%AA%D9%88%DA%A9-apple-macbook-retina-2015/
169999000,M2,32.0,1000,0,16.2,new,0,apple,https://torob.com/p/0d933190-f26f-45c9-842b-8cc99b3f5686/%D9%84%D9%BE-%D8%AA%D8%A7%D9%BE-%D8%A7%D9%BE%D9%84-%D9%85%D8%AF%D9%84-macbook-pro-mnwe3-2023/
25900000,Core i7,0.0,0,0,15.0,stock,0,apple,https://torob.com/p/1e4a4020-07f9-40ba-9663-ae1f88d0c50f/%D9%85%DA%A9-%D8%A8%D9%88%DA%A9-%D9%BE%D8%B1%D9%88-%D8%B1%D8%AA%DB%8C%D9%86%D8%A7-15-%D8%A7%DB%8C%D9%86%DA%86-core-i7-%D8%A7%D9%BE%D9%84-%D9%85%D8%AF%D9%84-mjlq2-mjlt2-%D8%B3%D8%A7%D9%84-2015-%D8%A7%D8%B3%D8%AA%D9%88%DA%A9/
15900000,Core i5,1000.0,0,0,13.0,stock,0,apple,https://torob.com/p/0d1d5e61-0128-43d4-b354-a073d0748385/%D9%85%DA%A9-%D8%A8%D9%88%DA%A9-%D9%BE%D8%B1%D9%88-%D8%A7%D8%B3%D8%AA%D9%88%DA%A9-i5-1tb-ram8g-13-%D8%A7%D9%BE%D9%84-%D9%85%D8%AF%D9%84-mf839-a1502%D8%B3%D8%A7%D9%84-2015/
77000000,Core i9,16.0,1000,0,16.0,stock,0,apple,https://torob.com/p/db98a731-2d65-4286-8583-bf4c66384cfb/%D9%85%DA%A9-%D8%A8%D9%88%DA%A9-%D9%BE%D8%B1%D9%88-16-%D8%A7%DB%8C%D9%86%DA%86-2019/
52000000,Core i7,32.0,1000,4000,15.0,stock,0,apple,https://torob.com/p/089e38bb-4fb6-4ff8-85ff-116d62b778a4/%D9%84%D9%BE-%D8%AA%D8%A7%D9%BE-%D8%A7%D8%B3%D8%AA%D9%88%DA%A9-%D8%A7%D9%BE%D9%84-macbook-pro-2018-16gb-ram-256gb-ssd-i7-4gb-vga/
84900000,M2,16.0,512,0,13.0,new,0,apple,https://torob.com/p/99e5c0f4-4684-4b8d-9b8c-be61b6b8e57a/macbook-air-2022-m2-16-512-10c/
60490000,M2,8.0,0,0,13.6,new,0,apple,https://torob.com/p/ebbf55a7-f7b4-4f79-95a9-df6968639e7d/macbook-air-136-%D8%A7%DB%8C%D9%86%DA%86%DB%8C-%D8%AA%D8%B1%D8%A7%D8%B4%D9%87-apple-m2-%D8%A8%D8%A7-%D9%BE%D8%B1%D8%AF%D8%A7%D8%B2%D9%86%D8%AF%D9%87-8-%D9%87%D8%B3%D8%AA%D9%87-%D8%A7%DB%8C-%D9%88-%D9%BE%D8%B1%D8%AF%D8%A7%D8%B2%D9%86%D8%AF%D9%87-%DA%AF%D8%B1%D8%A7%D9%81%DB%8C%DA%A9%DB%8C-8-%D9%87%D8%B3%D8%AA%D9%87-%D8%A7%DB%8C-256-%DA%AF%DB%8C%DA%AF%D8%A7%D8%A8%D8%A7%DB%8C%D8%AA-ssd-intel-uhd-graphics-english-space-grey/
192000000,M2,64.0,0,0,14.0,new,0,apple,https://torob.com/p/7e286cbf-0cc8-407e-a62d-98c9f8b9ade2/%D9%85%DA%A9-%D8%A8%D9%88%DA%A9-%D9%BE%D8%B1%D9%88-14-%D8%A7%DB%8C%D9%86%DA%86-%DA%A9%D8%A7%D8%B3%D8%AA%D9%88%D9%85-m2-max-%D9%BE%D8%B1%D8%AF%D8%A7%D8%B2%D9%86%D8%AF%D9%87-12core-30core-%D8%AD%D8%A7%D9%81%D8%B8%D9%87-%D8%B1%D9%85-64-%DA%AF%DB%8C%DA%AF%D8%A7%D8%A8%D8%A7%DB%8C%D8%AA-%D9%87%D8%A7%D8%B1%D8%AF-1-%D8%AA%D8%B1%D8%A7%D8%A8%D8%A7%DB%8C%D8%AA-ssd-%D9%86%D9%82%D8%B1%D9%87-%D8%A7%DB%8C/
231750000,M1,64.0,4000,0,16.2,new,0,apple,https://torob.com/p/298f74d8-575e-4ee4-9129-c6f3a23bc6f0/%D9%84%D9%BE%D8%AA%D8%A7%D9%BE-162-%D8%A7%DB%8C%D9%86%DA%86%DB%8C-%D8%A7%D9%BE%D9%84-%D9%85%D8%AF%D9%84-macbook-pro-2021-m1-mk233-64gb-4tb/
82900000,Core i5,0.0,0,0,16.1,new,0,apple,https://torob.com/p/2d69bc8e-40c3-4143-9c5e-8362b9efb5c5/%D9%84%D9%BE-%D8%AA%D8%A7%D9%BE-%D8%A7%D9%BE%D9%84-%D9%85%DA%A9-%D8%A8%D9%88%DA%A9-%D9%BE%D8%B1%D9%88-macbook-pro-2019-core-i9-32g-2tb-ssd-4g-amd-161-inch-retina/
20999000,Core i5,0.0,0,0,15.0,stock,0,apple,https://torob.com/p/cb8d85eb-71c0-424d-8add-c01b30d99d8f/%D9%84%D9%BE-%D8%AA%D8%A7%D9%BE-%D8%A7%D8%B3%D8%AA%D9%88%DA%A9-macbook-pro-2014-i7--16-ddr3-256-ssd-2gb-gforce-gt-750-156--2k/
62800000,Core i9,16.0,0,4000,15.0,stock,0,apple,https://torob.com/p/63fce3ef-8bbf-4d93-a5bb-7fd84f3d9787/%D9%85%DA%A9-%D8%A8%D9%88%DA%A9-%D9%BE%D8%B1%D9%88-2019-%D8%A7%D8%B3%D8%AA%D9%88%DA%A9-%D8%A7%D9%BE%D9%84-154-%D8%A7%DB%8C%D9%86%DA%86%DB%8C-%D8%B1%D8%AA%DB%8C%D9%86%D8%A7-%D8%AA%D8%A7%DA%86-%D8%A8%D8%A7%D8%B1-4gb%DA%AF%D8%B1%D8%A7%D9%81%DB%8C%DA%A9-apple-macbook-pro-2019-cori9-512gb/
112999000,M2,16.0,1000,0,13.0,new,0,apple,https://torob.com/p/ebbc7b93-652c-430e-89f4-d50c33f1ab22/apple-macbook-pro-133-cto-m2-16-1ssd-touch-bar-2022/
18950000,Core i7,0.0,0,0,15.0,stock,0,apple,https://torob.com/p/4c0a9fae-6a24-485a-890e-3f0ba0a274b0/%D9%84%D9%BE-%D8%AA%D8%A7%D9%BE-%D9%85%DA%A9-%D8%A8%D9%88%DA%A9-%D9%BE%D8%B1%D9%8813-apple-macbook-pro-13-2012-%D8%A7%D8%B3%D8%AA%D9%88%DA%A9i7-8-500/
46241000,Core i3,0.0,0,0,13.0,new,0,apple,https://torob.com/p/844a4512-44eb-4993-b575-8dff2ece70ce/%D9%84%D9%BE-%D8%AA%D8%A7%D9%BE-%D9%85%DA%A9-%D8%A8%D9%88%D8%B1-%D8%A7%DB%8C%D8%B1-%D8%A7%D9%BE%D9%84-13-%D8%A7%DB%8C%D9%86%DA%86%DB%8C-2020-%D8%A7%D9%88%D8%B1%D8%AC%DB%8C%D9%86%D8%A7%D9%84/
22400000,Core i7,16.0,0,0,13.3,stock,0,apple,https://torob.com/p/41b040e4-43fe-46cd-bb06-d221e1adb600/%D9%85%DA%A9-%D8%A8%D9%88%DA%A9-%D9%BE%D8%B1%D9%88-2015-%D8%A7%D8%B3%D8%AA%D9%88%DA%A9-%D8%A7%D9%BE%D9%84-133-%D8%A7%DB%8C%D9%86%DA%86%DB%8C-%D8%B1%D8%AA%DB%8C%D9%86%D8%A7-intel-iris-plus-6100%DA%AF%D8%B1%D8%A7%D9%81%DB%8C%DA%A9-apple-macbook-pro-2015-cori7-16gb/
9600000,Core i5,4.0,0,0,11.0,stock,0,apple,https://torob.com/p/3c8b73af-368b-4bf6-8ea7-397547875952/%D9%84%D9%BE%D8%AA%D8%A7%D9%BE-macbook-air-2011/
12500000,Core i7,0.0,0,0,15.0,stock,0,apple,https://torob.com/p/7bbeadca-95fa-428e-a773-3503b99ce705/%D9%85%DA%A9-%D8%A8%D9%88%DA%A9-%D9%BE%D8%B1%D9%88-15-i7-256g-ram8g-%D8%A7%D9%BE%D9%84-%D9%85%D8%AF%D9%84-mc373-%D8%B3%D8%A7%D9%84-2010-%D8%A7%D8%B3%D8%AA%D9%88%DA%A9/
169700000,M2,0.0,0,0,14.0,new,0,apple,https://torob.com/p/0c5cff61-1786-4116-bb11-97d7fd11448c/%D9%85%DA%A9-%D8%A8%D9%88%DA%A9-%D9%BE%D8%B1%D9%88-14-%D8%A7%DB%8C%D9%86%DA%86-macbook-pro-14-inch-m2-mphk3-max-1tb-silver/
14890000,Core i5,0.0,0,0,15.0,stock,0,apple,https://torob.com/p/16f9f01c-a897-4798-be8e-0d3044bc1a70/%D9%84%D9%BE-%D8%AA%D8%A7%D9%BE-%D9%85%DA%A9-%D8%A8%D9%88%DA%A9-%D9%BE%D8%B1%D9%8813-apple-macbook-pro-13-2012-%D8%A7%D8%B3%D8%AA%D9%88%DA%A9i5/
60950000,M2,0.0,0,0,15.0,new,0,apple,https://torob.com/p/0188980f-fbcf-48fd-a568-7193bcea2618/%D9%84%D9%BE-%D8%AA%D8%A7%D9%BE-%D8%A7%D9%BE%D9%84-macbook-pro-13-2022-m2-8gb-256gb/
18350000,Core i7,8.0,256,0,13.0,stock,0,apple,https://torob.com/p/fb97e079-a7e6-49c1-8a6a-58bbacf5539e/%D9%85%DA%A9-%D8%A8%D9%88%DA%A9-%D8%A7%DB%8C%D8%B1-2014-%D9%85%D8%AF%D9%84-a1466-%D9%BE%D8%B1%D8%AF%D8%A7%D8%B2%D9%86%D8%AF%D9%87-i7-%D8%B1%D9%85-8-%DA%AF%DB%8C%DA%AF%D8%A7%D8%A8%D8%A7%DB%8C%D8%AA-%D8%AD%D8%A7%D9%81%D8%B8%D9%87-256-ssd-%D8%A7%D8%B3%D8%AA%D9%88%DA%A9-%D8%B5%D9%81%D8%AD%D9%87-%D9%86%D9%85%D8%A7%DB%8C%D8%B4-13-%D8%A7%DB%8C%D9%86%DA%86/
12700000,Core i7,0.0,0,0,13.0,stock,0,apple,https://torob.com/p/d299bb19-f0c6-42d0-a914-cf54cf4d4b4e/%D9%85%DA%A9-%D8%A8%D9%88%DA%A9-%D9%BE%D8%B1%D9%88-13-%D8%A7%DB%8C%D9%86%DA%86-core-i7-%D8%A7%D9%BE%D9%84-%D9%85%D8%AF%D9%84-mc724-%D8%B3%D8%A7%D9%84-2011-%D8%A7%D8%B3%D8%AA%D9%88%DA%A9/
119000000,M2,24.0,1000,0,13.3,new,0,apple,https://torob.com/p/4b6a0b9d-4acf-40d7-a5b7-4979dd5dab4c/%D9%85%DA%A9-%D8%A8%D9%88%DA%A9-macbook-pro-13-m2-24-1tb-ssd-model-mnew3-2022/
39500000,Core i7,0.0,0,0,15.0,stock,0,apple,https://torob.com/p/f96983df-6715-4811-a513-0add57299195/%D9%85%DA%A9-%D8%A8%D9%88%DA%A9-%D9%BE%D8%B1%D9%88-%D8%B1%D8%AA%DB%8C%D9%86%D8%A7-%D8%A7%D8%B3%D8%AA%D9%88%DA%A9-15-%D8%A7%DB%8C%D9%86%DA%86-core-i7-%D8%A7%D9%BE%D9%84-%D8%B3%D8%A7%D9%84-2017-%DA%AF%D8%B1%DB%8C%D8%AF-a/
14300000,Core i7,0.0,0,0,13.0,stock,0,apple,https://torob.com/p/a004f8d1-d479-40b1-aaf1-269440c8e699/%D9%85%DA%A9-%D8%A8%D9%88%DA%A9-%D9%BE%D8%B1%D9%88-13-%D8%A7%DB%8C%D9%86%DA%86-core-i7-%D8%A7%D9%BE%D9%84-%D9%85%D8%AF%D9%84-mc724-%D8%B3%D8%A7%D9%84-2011-%D8%A7%D8%B3%D8%AA%D9%88%DA%A9/
36000000,Core i7,16.0,256,5000,13.0,new,0,apple,https://torob.com/p/ea330b25-6409-4c2a-a5d2-cd2d78014fcf/%D9%84%D9%BE-%D8%AA%D8%A7%D9%BE-macbook-pro-1989/
160000000,Core i3,0.0,0,0,14.0,new,0,apple,https://torob.com/p/c9c51fa3-701e-4fb7-aba0-844c219551b5/%D9%84%D9%BE-%D8%AA%D8%A7%D9%BE-%D8%A7%D9%BE%D9%84-%D9%85%DA%A9-%D8%A8%D9%88%DA%A9-%D9%BE%D8%B1%D9%88-%D9%85%D8%AF%D9%84-2021-apple-macbook-pro-14-inch-%D8%A7%D8%B1%D8%B3%D8%A7%D9%84-10-%D8%A7%D9%84%DB%8C-15-%D8%B1%D9%88%D8%B2-%DA%A9%D8%A7%D8%B1%DB%8C/
36200000,Core i7,0.0,256,0,13.0,stock,0,apple,https://torob.com/p/61f5e101-02fc-4862-8eb1-fd0b2f3c2107/%D9%84%D9%BE-%D8%AA%D8%A7%D9%BE-%D8%A7%D8%B3%D8%AA%D9%88%DA%A9-13-%D8%A7%DB%8C%D9%86%DA%86-%D8%A7%D9%BE%D9%84-%D9%85%D8%AF%D9%84-macbook-pro-2017/
40000000,Core i7,16.0,256,0,13.0,new,0,apple,https://torob.com/p/26989e27-670c-43dd-852b-073ec0d7d0d5/%D9%85%DA%A9-%D8%A8%D9%88%DA%A9-%D9%BE%D8%B1%D9%88-2017-%D9%85%D8%AF%D9%84-a1706-%D9%BE%D8%B1%D8%AF%D8%A7%D8%B2%D9%86%D8%AF%D9%87-i7-%D8%B1%D9%85-16-%DA%AF%DB%8C%DA%AF%D8%A7%D8%A8%D8%A7%DB%8C%D8%AA-%D8%AD%D8%A7%D9%81%D8%B8%D9%87-256-ssd-%D8%B5%D9%81%D8%AD%D9%87-%D9%86%D9%85%D8%A7%DB%8C%D8%B4-13-%D8%A7%DB%8C%D9%86%DA%86/
96990000,M2,16.0,512,0,13.6,new,0,apple,https://torob.com/p/009d33b0-3722-4969-a0df-2674c8bbd4a3/apple-macbook-air-cto-m2-16-512-2022/
18900000,Core i5,0.0,0,0,13.0,stock,0,apple,https://torob.com/p/21442734-de68-44a7-89d0-cd313dd32f3b/%D9%85%DA%A9-%D8%A8%D9%88%DA%A9-%D9%BE%D8%B1%D9%88-%D8%B1%D8%AA%DB%8C%D9%86%D8%A7-13-%D8%A7%DB%8C%D9%86%DA%86-core-i5-%D8%A7%D9%BE%D9%84-%D9%85%D8%AF%D9%84-mf840-%D8%B3%D8%A7%D9%84-2015-%D8%A7%D8%B3%D8%AA%D9%88%DA%A9/
165000000,M1,32.0,2000,400000,14.0,new,0,apple,https://torob.com/p/2ab397a8-078f-4ee1-b364-ea71fab634a3/%D9%85%DA%A9-%D8%A8%D9%88%DA%A9-%D9%BE%D8%B1%D9%88-14-%D8%A7%DB%8C%D9%86%DA%86-%DA%A9%D8%A7%D8%B3%D8%AA%D9%88%D9%85-m1-max-%D9%BE%D8%B1%D8%AF%D8%A7%D8%B2%D9%86%D8%AF%D9%87-10core-32core-%D8%AD%D8%A7%D9%81%D8%B8%D9%87-%D8%B1%D9%85-32-%DA%AF%DB%8C%DA%AF%D8%A7%D8%A8%D8%A7%DB%8C%D8%AA-%D9%87%D8%A7%D8%B1%D8%AF-2-%D8%AA%D8%B1%D8%A7%D8%A8%D8%A7%DB%8C%D8%AA-ssd-%D8%AE%D8%A7%DA%A9%D8%B3%D8%AA%D8%B1%DB%8C/
92839500,Core i3,0.0,0,0,15.0,stock,0,apple,https://torob.com/p/9bf873a3-e9f7-4c64-8462-502cfa6c3083/%D9%84%D9%BE-%D8%AA%D8%A7%D9%BE-%D8%A7%D9%BE%D9%84-%D8%A7%D8%B3%D8%AA%D9%88%DA%A9-apple-macbook-pro-16-2019-mvvk2/
39000000,Core i7,16.0,256,0,13.0,new,0,apple,https://torob.com/p/1dd63536-931c-4d9e-bff8-ba249dceec08/%D9%85%DA%A9-%D8%A8%D9%88%DA%A9-%D9%BE%D8%B1%D9%88-2016-%D9%85%D8%AF%D9%84-a1706-%D9%BE%D8%B1%D8%AF%D8%A7%D8%B2%D9%86%D8%AF%D9%87-i7-%D8%B1%D9%85-16-%DA%AF%DB%8C%DA%AF%D8%A7%D8%A8%D8%A7%DB%8C%D8%AA-%D8%AD%D8%A7%D9%81%D8%B8%D9%87-256-ssd-%D8%B5%D9%81%D8%AD%D9%87-%D9%86%D9%85%D8%A7%DB%8C%D8%B4-13-%D8%A7%DB%8C%D9%86%DA%86/
83000000,M2,16.0,256,0,13.6,new,0,apple,https://torob.com/p/2f0b282c-b413-4f3e-9b14-a04f49fd11b9/%D9%85%DA%A9-%D8%A8%D9%88%DA%A9-%D8%A7%DB%8C%D8%B1-%DA%A9%D8%A7%D8%B3%D8%AA%D9%88%D9%85-m2-16-256-%D8%B3%D8%A7%D9%84-2022-midnight/
96692000,M2,16.0,1000,0,13.6,new,0,apple,https://torob.com/p/690d8fbf-98de-4774-8fc7-21d4d90dc29e/%D9%85%DA%A9-%D8%A8%D9%88%DA%A9-%D8%A7%DB%8C%D8%B1-m2-%D8%B3%D9%81%D8%A7%D8%B1%D8%B4%DB%8C-%D8%B3%DB%8C%D9%84%D9%88%D8%B1-%D8%AD%D8%A7%D9%81%D8%B8%D9%87-1-%D8%AA%D8%B1%D8%A7%D8%A8%D8%A7%DB%8C%D8%AA-%D9%88-16-%DA%AF%DB%8C%DA%AF-%D8%B1%D9%85/
68906000,M2,8.0,0,0,13.6,new,0,apple,https://torob.com/p/8b6ccdef-ec19-437e-9c56-986f76d90d52/%D9%84%D9%BE-%D8%AA%D8%A7%D9%BE-2022-apple-macbook-air-laptop-with-m2-chip-136-inch-liquid-retina-display-8gb-ram-256gb-ssd-storage-backlit-keyboard-1080p-facetime-hd-camera-works-with-iphone-and-ipad-midnight/
63900000,Core i5,0.0,0,0,15.4,new,0,apple,https://torob.com/p/6d64e09b-65bf-4791-a498-2a82efb35936/%D9%84%D9%BE-%D8%AA%D8%A7%D9%BE-%D8%A7%D9%BE%D9%84-%D9%85%DA%A9-%D8%A8%D9%88%DA%A9-%D9%BE%D8%B1%D9%88-macbook-pro-2018-core-i9-32g-512gb-ssd-4g-amd-154-inch-retina/
90000000,Core i3,0.0,0,0,16.0,new,0,apple,https://torob.com/p/1fd64ed6-d78c-459c-b5d5-5b9d987e5ff8/%D9%84%D9%BE-%D8%AA%D8%A7%D9%BE-%D8%A7%D9%BE%D9%84-%D9%85%DA%A9-%D8%A8%D9%88%DA%A9-%D9%BE%D8%B1%D9%88-%D9%85%D8%AF%D9%84-macbok-pro-silver-16-inch-model-2019-%D8%A7%D8%B1%D8%B3%D8%A7%D9%84-10-%D8%A7%D9%84%DB%8C-15-%D8%B1%D9%88%D8%B2-%DA%A9%D8%A7%D8%B1%DB%8C/
33970000,Core i5,8.0,0,0,13.3,new,0,apple,https://torob.com/p/34159953-0794-4186-9e7b-0886dfba37d2/%D8%AA%D9%85%D8%AF%DB%8C%D8%AF-%D8%B4%D8%AF-%D9%84%D9%BE-%D8%AA%D8%A7%D9%BE-macbook-pro-a1502-2015-%D8%A8%D8%A7-%D8%B5%D9%81%D8%AD%D9%87-%D9%86%D9%85%D8%A7%DB%8C%D8%B4-133-%D8%A7%DB%8C%D9%86%DA%86%DB%8C-%D9%BE%D8%B1%D8%AF%D8%A7%D8%B2%D9%86%D8%AF%D9%87-core-i5-%D8%A7%DB%8C%D9%86%D8%AA%D9%84-%D9%86%D8%B3%D9%84-%D8%B4%D8%B4%D9%85-%D8%B1%D9%85-8-%DA%AF%DB%8C%DA%AF%D8%A7%D8%A8%D8%A7%DB%8C%D8%AA%DB%8C-ssd-256-%DA%AF%DB%8C%DA%AF%D8%A7%D8%A8%D8%A7%DB%8C%D8%AA%DB%8C-15-%DA%AF%DB%8C%DA%AF%D8%A7%D8%A8%D8%A7%DB%8C%D8%AA-%DA%AF%D8%B1%D8%A7%D9%81%DB%8C%DA%A9-%DB%8C%DA%A9%D9%BE%D8%A7%D8%B1%DA%86%D9%87-%D9%86%D9%82%D8%B1%D9%87-%D8%A7%DB%8C/
20000000,Core i3,0.0,0,0,15.0,stock,0,apple,https://torob.com/p/6291f76e-8d51-428b-b1ab-97e2d9bc3b79/%D9%85%DA%A9-%D8%A8%D9%88%DA%A9-%D9%BE%D8%B1%D9%88-%D8%A7%D8%B3%D8%AA%D9%88%DA%A9-%D9%85%D8%AF%D9%84-macbook-pro-a1502/
67500000,Core i7,32.0,1000,4000,16.1,stock,0,apple,https://torob.com/p/53ebe1b2-0ea0-418c-9568-191fb1958fc8/%D9%84%D9%BE-%D8%AA%D8%A7%D9%BE-%D8%A7%D9%BE%D9%84-apple-%D9%85%D8%AF%D9%84-macbook-pro-16-2019/
68000000,Core i7,32.0,512,0,16.0,new,0,apple,https://torob.com/p/211aea6e-fe66-45ec-a8c3-78aec8e5202a/%D9%85%DA%A9-%D8%A8%D9%88%DA%A9-%D9%BE%D8%B1%D9%88-16-%D8%A7%DB%8C%D9%86%DA%86-2019/
13900000,Core i5,0.0,0,0,11.0,stock,0,apple,https://torob.com/p/e801830c-dd6f-4f6f-bac1-a0e306b8da39/%D9%85%DA%A9-%D8%A8%D9%88%DA%A9-%D8%A7%DB%8C%D8%B1-%D8%A7%D8%B3%D8%AA%D9%88%DA%A9-apple-macbook-air-2011-11-inch-i5-ssd-128-ram-4/
37300000,Core i7,16.0,0,4000,15.0,new,0,apple,https://torob.com/p/61a744e1-7c8c-4299-a339-947b0488d101/%D9%84%D9%BE-%D8%AA%D8%A7%D9%BE-%D8%AF%D8%B3%D8%AA-%D8%AF%D9%88%D9%85-%D8%A7%D9%BE%D9%84-%D9%85%D8%AF%D9%84-macbook-pro-a1707-2017-core-i7-16gb-512gb-ssd-4gb/
64500000,M2,0.0,0,0,15.0,new,0,apple,https://torob.com/p/2b6d7db8-bddd-4761-af01-ec9eb3046639/macbook-pro-m2-mnep3/
76300000,M2,0.0,0,0,15.0,new,0,apple,https://torob.com/p/884cb386-52a0-420b-a95a-1e5b29e08115/macbook-pro-m2-mne-q3/
14500000,Core i5,0.0,0,0,13.0,stock,0,apple,https://torob.com/p/7102ec12-d90a-4b3c-a864-91018c4c4db1/%D9%85%DA%A9-%D8%A8%D9%88%DA%A9-%D9%BE%D8%B1%D9%88-%D8%A7%D8%B3%D8%AA%D9%88%DA%A9-13-%D8%A7%DB%8C%D9%86%DA%86-core-i5-%D8%A7%D9%BE%D9%84-%D9%85%D8%AF%D9%84-md101-a1278-%D8%B3%D8%A7%D9%84-2012-%D8%B3%D8%A7%DB%8C%DA%A9%D9%84-125/
97999000,M2,16.0,512,0,14.0,new,0,apple,https://torob.com/p/1d17a894-de42-4226-b536-78b04ce438d1/%D9%85%DA%A9-%D8%A8%D9%88%DA%A9-%D9%BE%D8%B1%D9%88-14-%D8%A7%DB%8C%D9%86%DA%86-m2-promphh3-10c-16c-%D8%B8%D8%B1%D9%81%DB%8C%D8%AA-16-512-%DA%AF%DB%8C%DA%AF%D8%A7%D8%A8%D8%A7%DB%8C%D8%AA-2023/
15900000,Core i5,128.0,0,0,8.0,stock,128,apple,https://torob.com/p/f87be366-4577-4417-9332-1d6c3503f0cc/%D9%85%DA%A9-%D8%A8%D9%88%DA%A9-%D9%BE%D8%B1%D9%88-%D8%A7%D8%B3%D8%AA%D9%88%DA%A9-i5-128gb-ram8g-13-%D8%A7%D9%BE%D9%84-%D9%85%D8%AF%D9%84-mf839-a1502-%D8%B3%D8%A7%D9%84-2015-%D8%A8%D8%A7-%D8%B3%D8%A7%DB%8C%DA%A9%D9%84-480/
26500000,Core i7,0.0,0,0,13.0,stock,0,apple,https://torob.com/p/18f729f8-d8f2-4859-ad7a-80dfc29326d7/%D9%85%DA%A9-%D8%A8%D9%88%DA%A9-%D9%BE%D8%B1%D9%88-%D8%B1%D8%AA%DB%8C%D9%86%D8%A7-13-%D8%A7%DB%8C%D9%86%DA%86-core-i7-%D8%A7%D9%BE%D9%84-%D8%B3%D8%A7%D9%84-2015-%D8%A7%D8%B3%D8%AA%D9%88%DA%A9-%DA%AF%D8%B1%DB%8C%D8%AF-a/
52000000,Core i7,16.0,256,0,16.0,stock,0,apple,https://torob.com/p/ec4c7461-419a-427f-ab9a-2fd63d338e84/%D9%85%DA%A9-%D8%A8%D9%88%DA%A9-%D9%BE%D8%B1%D9%88-16-%D8%A7%DB%8C%D9%86%DA%86-2018/
24000000,Core i3,0.0,0,0,13.0,stock,0,apple,https://torob.com/p/76b3fe80-cf9a-4f1c-ba29-e03de1654eb9/%D9%85%DA%A9-%D8%A8%D9%88%DA%A9-%D8%A7%DB%8C%D8%B1-13-%D8%A7%DB%8C%D9%86%DA%86-2018-%DA%A9%D8%A7%D8%B1%DA%A9%D8%B1%D8%AF%D9%87-%D9%85%D8%AF%D9%84-mre92ll-a/
73850000,M2,8.0,512,0,13.0,new,0,apple,https://torob.com/p/21263856-66d7-4800-afcc-f47627920905/%D9%84%D9%BE-%D8%AA%D8%A7%D9%BE-%D8%A7%D9%BE%D9%84-macbook-pro-13-2022-%D9%85%D8%AF%D9%84-mly13-%D9%BE%D8%B1%D8%AF%D8%A7%D8%B2%D9%86%D8%AF%D9%87-m2-%D8%B1%D9%85-8gb-%D8%AD%D8%A7%D9%81%D8%B8%D9%87-512gb-ssd/
15000000,Core i3,0.0,0,0,13.0,stock,0,apple,https://torob.com/p/69c42eb0-f0fe-4b7b-9e47-ce6d190d3e13/%D9%85%DA%A9-%D8%A8%D9%88%DA%A9-%D8%A7%DB%8C%D8%B1-13-%D8%A7%DB%8C%D9%86%DA%86-2015-%DA%A9%D8%A7%D8%B1%DA%A9%D8%B1%D8%AF%D9%87-%D9%85%D8%AF%D9%84-mmgf2ll-a/
94500000,M2,16.0,512,100000,13.3,new,0,apple,https://torob.com/p/2b6bd0e5-8175-42e5-b8d1-179a989ea762/%D9%85%DA%A9-%D8%A8%D9%88%DA%A9-%D9%BE%D8%B1%D9%88-133-%D8%A7%DB%8C%D9%86%DA%86-m2-%DA%A9%D8%A7%D8%B3%D8%AA%D9%88%D9%85-2022-%D9%BE%D8%B1%D8%AF%D8%A7%D8%B2%D9%86%D8%AF%D9%87-8core-10core-%D8%AD%D8%A7%D9%81%D8%B8%D9%87-%D8%B1%D9%85-16-%DA%AF%DB%8C%DA%AF%D8%A7%D8%A8%D8%A7%DB%8C%D8%AA-%D9%87%D8%A7%D8%B1%D8%AF-512-%DA%AF%DB%8C%DA%AF%D8%A7%D8%A8%D8%A7%DB%8C%D8%AA-%D8%AE%D8%A7%DA%A9%D8%B3%D8%AA%D8%B1%DB%8C/
13900000,Core i5,0.0,0,0,15.0,stock,0,apple,https://torob.com/p/a3ac32d8-ccac-40ba-8e2b-92273ee2f469/%D8%AE%D8%B1%DB%8C%D8%AF-%D9%85%DA%A9-%D8%A8%D9%88%DA%A9-%D8%A7%DB%8C%D8%B1-%D8%AF%D8%B3%D8%AA-%D8%AF%D9%88%D9%85-macbook-air-core-i5-%D9%85%D8%AF%D9%84-2012/
23500000,Core i5,0.0,0,0,15.0,stock,0,apple,https://torob.com/p/e635fec5-2a7b-4de7-9e94-6ec995e66387/%D9%84%D9%BE-%D8%AA%D8%A7%D9%BE-%D8%A7%D9%BE%D9%84-macbook-air-2017-i5-%DA%A9%D8%A7%D8%B1%DA%A9%D8%B1%D8%AF%D9%87/
70999000,M2,8.0,0,0,13.0,new,0,apple,https://torob.com/p/38d94e45-bf82-4ab7-9a65-227bbb8a2ea0/%D9%85%DA%A9-%D8%A8%D9%88%DA%A9-%D8%A7%DB%8C%D8%B1-13-%D8%A7%DB%8C%D9%86%DA%86-m2-%D8%B8%D8%B1%D9%81%DB%8C%D8%AA-8-512-%DA%AF%DB%8C%DA%AF-%D9%85%D8%AF%D9%84-2022/
63900000,M2,8.0,0,0,15.0,new,0,apple,https://torob.com/p/d1745096-60b0-4b4c-9fa5-338070868a05/macbook-pro-m2-mneh3/
31900000,Core i3,8.0,256,0,13.0,new,0,apple,https://torob.com/p/32657885-7ab3-4e99-92f6-6af3cc2aa77b/%D9%84%D9%BE-%D8%AA%D8%A7%D9%BE-%D8%A7%D9%BE%D9%84-macbook-air-2020-i3-1000g4-8-256-%D9%86%D9%85%D8%A7%DB%8C%D8%B4%DA%AF%D8%B1-13-%D8%A7%DB%8C%D9%86%DA%86-%D9%85%D8%AF%D9%84-mwtl2/
12800000,Core i3,0.0,0,0,15.0,new,0,apple,https://torob.com/p/eb18a5f7-211e-4b70-aa37-0034374d7706/%D9%85%DA%A9-%D8%A8%D9%88%DA%A9-%D8%A7%DB%8C%D8%B1-macbook-air-mc965-%D9%85%D8%AF%D9%84-2011/
86460000,M1,8.0,0,0,13.0,new,0,apple,https://torob.com/p/63efb2dc-bfe2-4b78-a8bb-1d54a8350341/%D9%84%D9%BE%D8%AA%D8%A7%D9%BE-apple-macbook-pro-13-inch-apple-m1-chip-with-8-core-cpu-and-8-core-gpu-8gb-ram-256gb-ssd-space-grey-%D8%A7%D8%B1%D8%B3%D8%A7%D9%84-10-%D8%A7%D9%84%DB%8C-15-%D8%B1%D9%88%D8%B2-%DA%A9%D8%A7%D8%B1%DB%8C/
22500000,Core i3,0.0,0,0,15.0,stock,0,apple,https://torob.com/p/670c3fdb-96ea-450c-b904-aeefb6408fcd/%D9%85%DA%A9-%D8%A8%D9%88%DA%A9-%D9%BE%D8%B1%D9%88-%D8%A7%D8%B3%D8%AA%D9%88%DA%A9-%D9%85%D8%AF%D9%84-macbook-pro-a1398/
47500000,Core i7,0.0,0,0,15.0,stock,0,apple,https://torob.com/p/9c2ce1d6-4983-47e5-9d2b-3503d6bb2c34/%D9%85%DA%A9-%D8%A8%D9%88%DA%A9-%D9%BE%D8%B1%D9%88-%D8%B1%D8%AA%DB%8C%D9%86%D8%A7-%D8%A7%D8%B3%D8%AA%D9%88%DA%A9-15-%D8%A7%DB%8C%D9%86%DA%86-core-i7-ram-16-%D8%A7%D9%BE%D9%84-%D8%B3%D8%A7%D9%84-2018-%DA%AF%D8%B1%DB%8C%D8%AF-a/
61500000,M2,0.0,0,0,13.0,new,0,apple,https://torob.com/p/6d24d5a8-06be-4f05-924b-60e711d0427f/%D9%85%DA%A9-%D8%A8%D9%88%DA%A9-%D8%A7%DB%8C%D8%B1-13-%D8%A7%DB%8C%D9%86%DA%86-%D9%85%D8%AF%D9%84-mlx-w3-m2-pro-%D8%B1%D9%85-8-%D8%AD%D8%A7%D9%81%D8%B8%D9%87-256gb-ssd/
53800000,Core i7,0.0,1000,4000,15.4,stock,0,apple,https://torob.com/p/8f1ea7df-50f0-441e-809f-4f2867ff9bad/%D9%85%DA%A9-%D8%A8%D9%88%DA%A9-%D9%BE%D8%B1%D9%88-2018-%D8%A7%D8%B3%D8%AA%D9%88%DA%A9-%D8%A7%D9%BE%D9%84-154-%D8%A7%DB%8C%D9%86%DA%86%DB%8C-%D8%B1%D8%AA%DB%8C%D9%86%D8%A7-%D8%AA%D8%A7%DA%86-%D8%A8%D8%A7%D8%B1-4gb%DA%AF%D8%B1%D8%A7%D9%81%DB%8C%DA%A9-apple-macbook-pro-2018-cori7-1tb/
11900000,Core i5,0.0,0,0,15.0,stock,0,apple,https://torob.com/p/6ce14e8c-c2de-4325-9c58-7858bdf10eab/%D9%85%DA%A9-%D8%A8%D9%88%DA%A9-%D8%A7%DB%8C%D8%B1-macbook-air-core-i5-%D9%85%D8%AF%D9%84-2012-%D8%A7%D8%B3%D8%AA%D9%88%DA%A9/
104800000,M1,16.0,0,0,16.0,new,0,apple,https://torob.com/p/3ab24fe4-deea-435e-9914-63305725f5a5/macbook-pro-2021-%D8%A8%D8%A7-%D8%B5%D9%81%D8%AD%D9%87-%D9%86%D9%85%D8%A7%DB%8C%D8%B4-16-%D8%A7%DB%8C%D9%86%DA%86%DB%8C-liquid-retina-xdr-%D8%AA%D8%B1%D8%A7%D8%B4%D9%87-apple-m1-pro-%D8%A8%D8%A7-cpu-10-%D9%87%D8%B3%D8%AA%D9%87-%D8%A7%DB%8C-%D9%88-%D9%BE%D8%B1%D8%AF%D8%A7%D8%B2%D9%86%D8%AF%D9%87-%DA%AF%D8%B1%D8%A7%D9%81%DB%8C%DA%A9%DB%8C-16-%D9%87%D8%B3%D8%AA%D9%87-%D8%A7%DB%8C-16-%DA%AF%DB%8C%DA%AF%D8%A7%D8%A8%D8%A7%DB%8C%D8%AA-%D8%B1%D9%85-1-%D8%AA%D8%B1%D8%A7%D8%A8%D8%A7%DB%8C%D8%AA-ssd-%D8%B5%D9%81%D8%AD%D9%87-%DA%A9%D9%84%DB%8C%D8%AF-%D8%A7%D9%86%DA%AF%D9%84%DB%8C%D8%B3%DB%8C-space-grey/
16000000,Core i5,0.0,0,0,13.0,stock,0,apple,https://torob.com/p/644122af-a9dc-4f90-b8f3-e2a60f865f42/%D9%85%DA%A9-%D8%A8%D9%88%DA%A9-%D9%BE%D8%B1%D9%88-%D8%A7%D8%B3%D8%AA%D9%88%DA%A9-13-%D8%A7%DB%8C%D9%86%DA%86-core-i5-%D8%A7%D9%BE%D9%84-%D9%85%D8%AF%D9%84-mc700-a1278-%D8%B3%D8%A7%D9%84-2011-%D8%A8%D8%A7-%D8%B3%D8%A7%DB%8C%DA%A9%D9%84-400/
103600000,M2,16.0,1000,0,13.6,new,0,apple,https://torob.com/p/35e17f18-a29c-4f7d-b81f-4cba5c771f88/%D9%84%D9%BE-%D8%AA%D8%A7%D9%BE-136-%D8%A7%DB%8C%D9%86%DA%86-%D8%A7%D9%BE%D9%84-%D9%85%D8%AF%D9%84-macbook-air-starlight-cto-m2-1tb-ssd-16gb-10core/
160200000,M1,32.0,2000,0,14.0,new,0,apple,https://torob.com/p/d81b1ace-8ed6-4c7d-8d5d-382c069e1650/%D9%84%D9%BE-%D8%AA%D8%A7%D9%BE-14-%D8%A7%DB%8C%D9%86%DA%86%DB%8C-%D8%A7%D9%BE%D9%84-%D9%85%D8%AF%D9%84-macbook-pro-m1-32-2tb-10c-32c-cto-2021/
12900000,Core i5,4.0,256,0,13.0,stock,0,apple,https://torob.com/p/0dfdcc68-e37c-4656-822b-200fcb583832/%D9%85%DA%A9-%D8%A8%D9%88%DA%A9-%D8%A7%DB%8C%D8%B1-%D8%A7%D8%B3%D8%AA%D9%88%DA%A9-macbook-air-13-inch-mid-2011-%D9%85%D8%AF%D9%84-a1369-%D8%B1%D9%85-4-%D8%AD%D8%A7%D9%81%D8%B8%D9%87-256-%D9%BE%D8%B1%D8%AF%D8%A7%D8%B2%D9%86%D8%AF%D9%87-i5-%D8%B5%D9%81%D8%AD%D9%87-%D9%86%D9%85%D8%A7%DB%8C%D8%B4-13-%D8%A7%DB%8C%D9%86%DA%86/
18500000,Core i5,0.0,0,0,13.0,stock,0,apple,https://torob.com/p/0af359a0-71b3-4296-b52f-11ed9f7baa6f/%D9%85%DA%A9-%D8%A8%D9%88%DA%A9-%D8%A7%DB%8C%D8%B1-%D8%A7%D8%B3%D8%AA%D9%88%DA%A9-13-%D8%A7%DB%8C%D9%86%DA%86-core-i5-%D9%85%D8%AF%D9%84-mqd32-%D8%B3%D8%A7%D9%84-2017-%D8%A8%D8%A7-%D8%B3%D8%A7%DB%8C%DA%A9%D9%84-130/
13700000,Core i5,0.0,0,0,13.0,stock,0,apple,https://torob.com/p/aed509ff-fe5c-40c0-a3b3-66ce62c6d7dd/%D9%85%DA%A9-%D8%A8%D9%88%DA%A9-%D9%BE%D8%B1%D9%88-%D8%A7%D8%B3%D8%AA%D9%88%DA%A9-13-%D8%A7%DB%8C%D9%86%DA%86-core-i5-%D8%A7%D9%BE%D9%84-%D9%85%D8%AF%D9%84-md101-a1278-%D8%B3%D8%A7%D9%84-2012/
125000000,Core i3,0.0,0,0,14.0,new,0,apple,https://torob.com/p/5e7a5236-c639-47a1-83a3-c322c697a61c/%D9%84%D9%BE-%D8%AA%D8%A7%D9%BE-%D8%A7%D9%BE%D9%84-%D9%85%DA%A9-%D8%A8%D9%88%DA%A9-%D9%BE%D8%B1%D9%88-%D9%85%D8%AF%D9%84-2021-apple-macbook-pro-14-inch-%D8%A7%D8%B1%D8%B3%D8%A7%D9%84-10-%D8%A7%D9%84%DB%8C-15-%D8%B1%D9%88%D8%B2-%DA%A9%D8%A7%D8%B1%DB%8C/
114000000,M2,0.0,0,0,14.0,new,0,apple,https://torob.com/p/f085fae6-57e6-4026-a070-36126e5d960e/%D9%85%DA%A9-%D8%A8%D9%88%DA%A9-%D9%BE%D8%B1%D9%88-14-%D8%A7%DB%8C%D9%86%DA%86%DB%8C-%D8%A7%D9%BE%D9%84-%D9%85%D8%AF%D9%84-apple-macbook-pro-14-2021-mkgt3/
52499000,Core i7,0.0,0,0,15.6,new,0,apple,https://torob.com/p/7c912527-1372-4035-b63a-8dffec350005/%D9%84%D9%BE-%D8%AA%D8%A7%D9%BE-macbook-pro-2018-i9-8950hk-32g-ddr4-500g-ssd-4g-radeon-pro-560x%2B-%D8%AA%D8%A7%DA%86-%D8%A8%D8%A7%D8%B1/
16950000,Core i7,0.0,0,0,15.0,stock,0,apple,https://torob.com/p/bb7e63ef-330b-44d7-b2ba-064f6b4f0ccb/%D9%84%D9%BE-%D8%AA%D8%A7%D9%BE-%D9%85%DA%A9-%D8%A8%D9%88%DA%A9-%D9%BE%D8%B1%D9%8813-apple-macbook-pro-13-2012-%D8%A7%D8%B3%D8%AA%D9%88%DA%A9i7-4-128/
17000000,Core i5,0.0,0,0,13.0,stock,0,apple,https://torob.com/p/0c4f744d-b040-4dab-9b4c-c05e0e1c932d/%D9%85%DA%A9-%D8%A8%D9%88%DA%A9-%D9%BE%D8%B1%D9%88-%D8%A7%D8%B3%D8%AA%D9%88%DA%A9-13-%D8%A7%DB%8C%D9%86%DA%86-core-i5-%D8%A7%D9%BE%D9%84-%D9%85%D8%AF%D9%84-mc700-a1278-%D8%B3%D8%A7%D9%84-2011-%D8%A8%D8%A7-%D8%B3%D8%A7%DB%8C%DA%A9%D9%84-600/
166999000,M2,32.0,0,0,16.0,new,0,apple,https://torob.com/p/3de177a1-a3ca-49a5-b1e3-e80c1e94205b/%D9%85%DA%A9-%D8%A8%D9%88%DA%A9-%D9%BE%D8%B1%D9%88-162-%D8%A7%DB%8C%D9%86%DA%86-m2-pro-12-38core-%D8%B8%D8%B1%D9%81%DB%8C%D8%AA-1-32-%D8%AA%D8%B1%D8%A7%D8%A8%D8%A7%DB%8C%D8%AA-%D9%85%D8%AF%D9%84-2023/
72988000,M2,8.0,512,0,13.3,new,0,apple,https://torob.com/p/0d80edcc-55a6-439c-bdd6-b89ec15f5e71/%D9%84%D9%BE-%D8%AA%D8%A7%D9%BE-133-%D8%A7%DB%8C%D9%86%DA%86-%D8%A7%D9%BE%D9%84-macbook-pro-mnej3-m2-512gb-ssd-8gb-10core/
108020000,M1,16.0,1000,0,16.0,new,0,apple,https://torob.com/p/52215bcf-10c8-42b1-b2ad-d999fdf67d41/%D9%85%DA%A9-%D8%A8%D9%88%DA%A9-%D9%BE%D8%B1%D9%88-16-%D8%A7%DB%8C%D9%86%DA%86-m1-pro-10c-16c-%D8%B8%D8%B1%D9%81%DB%8C%D8%AA-16-1-%D8%AA%D8%B1%D8%A7%D8%A8%D8%A7%DB%8C%D8%AA-2021/
88000000,M1,16.0,512,0,14.0,new,0,apple,https://torob.com/p/4811d500-b4a6-4f63-b543-d7af8380e0a7/%D9%85%DA%A9-%D8%A8%D9%88%DA%A9-%D9%BE%D8%B1%D9%88-14-%D8%A7%DB%8C%D9%86%DA%86%DB%8C-macbook-pro-mkg-p3-2021-512tb/
